doi,pdf,status,reason,n_chunks
10.1007/s10236-025-01665-8,10.1007_s10236-025-01665-8.pdf,excluded,wrong_content: HAL repository landing (PUBLIER EN SCIENCES),0
10.1007/s10661-020-08603-9,10.1007_s10661-020-08603-9.pdf,excluded,"wrong_granularity: 244k chars, 7% title overlap",0
10.1007/s11367-014-0709-2,10.1007_s11367-014-0709-2.pdf,excluded,wrong_content: different document (NREAP projections),0
10.1016/j.apenergy.2009.05.031,10.1016_j.apenergy.2009.05.031.pdf,excluded,"wrong_content: Cyprus Open Science policy, not the Naxos paper",0
10.1016/j.coastaleng.2020.103790,10.1016_j.coastaleng.2020.103790.pdf,excluded,wrong_content: End User Agreement wrapper page,0
10.1016/j.ecolmodel.2013.09.025,10.1016_j.ecolmodel.2013.09.025.pdf,excluded,wrong_content: End User Agreement wrapper (CentAUR),0
10.1016/j.renene.2016.10.035,10.1016_j.renene.2016.10.035.pdf,excluded,wrong_content: Data Protection statement wrapper,0
10.1016/j.renene.2018.10.090,10.1016_j.renene.2018.10.090.pdf,excluded,"wrong_granularity: 52k chars, 0% title overlap",0
10.1080/00207543.2017.1403661,10.1080_00207543.2017.1403661.pdf,excluded,wrong_content: Data Protection statement wrapper (duplicate),0
10.11646/zootaxa.5741.1.6,10.11646_zootaxa.5741.1.6.pdf,excluded,"wrong_granularity: 1M-char whole Zootaxa volume, not the article",0
10.17736/ijope.2017.cl03,10.17736_ijope.2017.cl03.pdf,excluded,wrong_content: different ISOPE article bound in,0
10.17736/ijope.2025.jc939,10.17736_ijope.2025.jc939.pdf,excluded,wrong_content: ISOPE membership form,0
10.2423/i22394303v6sp1,10.2423_i22394303v6sp1.pdf,excluded,wrong_content: OAR@UM repository landing page,0
10.3390/jmse10122017,10.3390_jmse10122017.pdf,excluded,wrong_content: OAR@UM repository landing page (duplicate),0
10.3391/ai.2016.11.4.08,10.3391_ai.2016.11.4.08.pdf,excluded,wrong_content: different article (Comments on Mediterranean...),0
10.1002/2688-8319.12373,10.1002_2688-8319.12373.pdf,included,"grobid: 7 sections, 6 captions",49
10.1002/2688-8319.70039,10.1002_2688-8319.70039.pdf,included,"grobid: 7 sections, 4 captions",39
10.1002/edn3.575,10.1002_edn3.575.pdf,included,"grobid: 20 sections, 16 captions",81
10.1002/esp.5880,10.1002_esp.5880.pdf,included,"grobid: 24 sections, 11 captions",86
10.1002/mcf2.10265,10.1002_mcf2.10265.pdf,included,"grobid: 12 sections, 9 captions",67
10.1002/nsg.12068,10.1002_nsg.12068.pdf,included,"grobid: 8 sections, 6 captions",55
10.1002/qj.2484,10.1002_qj.2484.pdf,included,"grobid: 16 sections, 19 captions",93
10.1002/we.1498,10.1002_we.1498.pdf,included,"grobid: 7 sections, 7 captions",56
10.1002/we.1659,10.1002_we.1659.pdf,included,"grobid: 30 sections, 44 captions",96
10.1002/we.2456,10.1002_we.2456.pdf,included,"grobid: 17 sections, 6 captions",59
10.1002/we.2669,10.1002_we.2669.pdf,included,"grobid: 15 sections, 12 captions",73
10.1002/we.309,10.1002_we.309.pdf,included,"grobid: 12 sections, 4 captions",79
10.1002/we.537,10.1002_we.537.pdf,included,"grobid: 14 sections, 8 captions",58
10.1002/wene.533,10.1002_wene.533.pdf,included,"grobid: 24 sections, 8 captions",94
10.1007/978-1-4020-6442-5_5,10.1007_978-1-4020-6442-5_5.pdf,included,"grobid: 2 sections, 0 captions",6
10.1007/978-1-4939-2981-8_23,10.1007_978-1-4939-2981-8_23.pdf,included,"grobid: 5 sections, 3 captions",16
10.1007/978-3-030-05520-2_10,10.1007_978-3-030-05520-2_10.pdf,included,"grobid: 13 sections, 5 captions",37
10.1007/978-3-031-50256-9_13,10.1007_978-3-031-50256-9_13.pdf,included,"grobid: 95 sections, 78 captions",372
10.1007/978-3-031-50256-9_14,10.1007_978-3-031-50256-9_14.pdf,included,"grobid: 1 sections, 0 captions",13
10.1007/978-3-031-90050-1_12,10.1007_978-3-031-90050-1_12.pdf,included,"grobid: 93 sections, 41 captions",236
10.1007/978-3-319-39745-0_14,10.1007_978-3-319-39745-0_14.pdf,included,"grobid: 10 sections, 5 captions",33
10.1007/978-3-540-33866-6_14,10.1007_978-3-540-33866-6_14.pdf,included,"grobid: 4 sections, 2 captions",8
10.1007/978-3-540-34677-7_10,10.1007_978-3-540-34677-7_10.pdf,included,"grobid: 3 sections, 0 captions",6
10.1007/978-3-540-34677-7_11,10.1007_978-3-540-34677-7_11.pdf,included,"grobid: 1 sections, 0 captions",6
10.1007/978-3-540-34677-7_12,10.1007_978-3-540-34677-7_12.pdf,included,"grobid: 1 sections, 0 captions",6
10.1007/978-3-540-34677-7_13,10.1007_978-3-540-34677-7_13.pdf,included,"grobid: 1 sections, 0 captions",7
10.1007/978-3-540-34677-7_16,10.1007_978-3-540-34677-7_16.pdf,included,"grobid: 2 sections, 1 captions",5
10.1007/978-3-540-34677-7_9,10.1007_978-3-540-34677-7_9.pdf,included,"grobid: 1 sections, 0 captions",3
10.1007/978-3-642-41080-2_21,10.1007_978-3-642-41080-2_21.pdf,included,"grobid: 1 sections, 1 captions",6
10.1007/978-3-642-54696-9_16,10.1007_978-3-642-54696-9_16.pdf,included,"grobid: 2 sections, 0 captions",7
10.1007/978-3-642-54696-9_29,10.1007_978-3-642-54696-9_29.pdf,included,"grobid: 2 sections, 0 captions",7
10.1007/978-3-658-02462-8,10.1007_978-3-658-02462-8.pdf,included,"grobid: 2 sections, 2 captions",13
10.1007/978-981-96-3912-0_8,10.1007_978-981-96-3912-0_8.pdf,included,"grobid: 3 sections, 0 captions",9
10.1007/s00101-016-0154-7,10.1007_s00101-016-0154-7.pdf,included,"grobid: 0 sections, 3 captions",4
10.1007/s00204-020-02743-0,10.1007_s00204-020-02743-0.pdf,included,"grobid: 14 sections, 6 captions",61
10.1007/s00227-016-2922-y,10.1007_s00227-016-2922-y.pdf,included,"grobid: 11 sections, 8 captions",59
10.1007/s00227-017-3081-5,10.1007_s00227-017-3081-5.pdf,included,"grobid: 12 sections, 11 captions",68
10.1007/s00227-019-3523-3,10.1007_s00227-019-3523-3.pdf,included,"grobid: 16 sections, 8 captions",68
10.1007/s00227-020-3655-5,10.1007_s00227-020-3655-5.pdf,included,"grobid: 0 sections, 2 captions",2
10.1007/s00227-021-03954-4,10.1007_s00227-021-03954-4.pdf,included,"grobid: 8 sections, 3 captions",56
10.1007/s00227-023-04240-1,10.1007_s00227-023-04240-1.pdf,included,"grobid: 10 sections, 6 captions",53
10.1007/s00227-024-04542-y,10.1007_s00227-024-04542-y.pdf,included,"grobid: 12 sections, 7 captions",54
10.1007/s00367-015-0404-8,10.1007_s00367-015-0404-8.pdf,included,"grobid: 70 sections, 61 captions",292
10.1007/s10113-008-0045-9,10.1007_s10113-008-0045-9.pdf,included,"grobid: 105 sections, 83 captions",387
10.1007/s10152-008-0115-x,10.1007_s10152-008-0115-x.pdf,included,"grobid: 9 sections, 9 captions",61
10.1007/s10236-009-0204-7,10.1007_s10236-009-0204-7.pdf,included,"grobid: 10 sections, 6 captions",39
10.1007/s10236-017-1109-5,10.1007_s10236-017-1109-5.pdf,included,"grobid: 17 sections, 18 captions",83
10.1007/s10236-025-01670-x,10.1007_s10236-025-01670-x.pdf,included,"grobid: 14 sections, 7 captions",76
10.1007/s10236-025-01730-2,10.1007_s10236-025-01730-2.pdf,included,"grobid: 44 sections, 20 captions",102
10.1007/s10273-020-2740-1,10.1007_s10273-020-2740-1.pdf,included,"grobid: 7 sections, 4 captions",21
10.1007/s10287-026-00566-5,10.1007_s10287-026-00566-5.pdf,included,"grobid: 17 sections, 10 captions",63
10.1007/s10336-016-1402-y,10.1007_s10336-016-1402-y.pdf,included,"grobid: 6 sections, 22 captions",89
10.1007/s10336-025-02263-7,10.1007_s10336-025-02263-7.pdf,included,"grobid: 138 sections, 13 captions",180
10.1007/s10344-020-01378-x,10.1007_s10344-020-01378-x.pdf,included,"grobid: 1 sections, 3 captions",6
10.1007/s10499-016-9987-y,10.1007_s10499-016-9987-y.pdf,included,"grobid: 18 sections, 4 captions",66
10.1007/s10531-023-02759-9,10.1007_s10531-023-02759-9.pdf,included,"grobid: 13 sections, 9 captions",60
10.1007/s10546-015-0008-x,10.1007_s10546-015-0008-x.pdf,included,"grobid: 12 sections, 11 captions",70
10.1007/s10546-023-00850-w,10.1007_s10546-023-00850-w.pdf,included,"grobid: 18 sections, 23 captions",93
10.1007/s10661-023-11590-2,10.1007_s10661-023-11590-2.pdf,included,"grobid: 11 sections, 7 captions",55
10.1007/s10750-014-1997-z,10.1007_s10750-014-1997-z.pdf,included,"grobid: 9 sections, 8 captions",52
10.1007/s10750-018-3653-5,10.1007_s10750-018-3653-5.pdf,included,"grobid: 19 sections, 12 captions",75
10.1007/s10750-021-04553-6,10.1007_s10750-021-04553-6.pdf,included,"grobid: 12 sections, 10 captions",70
10.1007/s10791-025-09511-7,10.1007_s10791-025-09511-7.pdf,included,"grobid: 12 sections, 12 captions",55
10.1007/s10950-020-09910-x,10.1007_s10950-020-09910-x.pdf,included,"grobid: 13 sections, 12 captions",74
10.1007/s10997-025-09770-y,10.1007_s10997-025-09770-y.pdf,included,"grobid: 157 sections, 13 captions",424
10.1007/s11367-025-02504-0,10.1007_s11367-025-02504-0.pdf,included,"grobid: 20 sections, 5 captions",88
10.1007/s11367-025-02538-4,10.1007_s11367-025-02538-4.pdf,included,"grobid: 13 sections, 6 captions",54
10.1007/s12526-025-01567-4,10.1007_s12526-025-01567-4.pdf,included,"grobid: 13 sections, 6 captions",55
10.1007/s12665-019-8196-1,10.1007_s12665-019-8196-1.pdf,included,"grobid: 12 sections, 9 captions",74
10.1007/s13272-021-00495-w,10.1007_s13272-021-00495-w.pdf,included,"grobid: 15 sections, 13 captions",78
10.1007/s13272-025-00857-8,10.1007_s13272-025-00857-8.pdf,included,"grobid: 31 sections, 9 captions",127
10.1007/s13280-025-02299-2,10.1007_s13280-025-02299-2.pdf,included,"grobid: 67 sections, 2 captions",80
10.1007/s13762-022-04577-y,10.1007_s13762-022-04577-y.pdf,included,"grobid: 3 sections, 1 captions",4
10.1007/s40152-025-00427-y,10.1007_s40152-025-00427-y.pdf,included,"grobid: 10 sections, 3 captions",77
10.1007/s40152-026-00490-z,10.1007_s40152-026-00490-z.pdf,included,"grobid: 30 sections, 12 captions",115
10.1007/s40722-021-00191-1,10.1007_s40722-021-00191-1.pdf,included,"grobid: 17 sections, 13 captions",58
10.1007/s40722-022-00231-4,10.1007_s40722-022-00231-4.pdf,included,"grobid: 13 sections, 11 captions",76
10.1007/s40722-023-00295-w,10.1007_s40722-023-00295-w.pdf,included,"grobid: 18 sections, 33 captions",121
10.1007/s40722-025-00464-z,10.1007_s40722-025-00464-z.pdf,included,"grobid: 20 sections, 23 captions",85
10.1007/s42417-022-00632-7,10.1007_s42417-022-00632-7.pdf,included,"grobid: 42 sections, 33 captions",319
10.1016/j.apenergy.2017.08.182,10.1016_j.apenergy.2017.08.182.pdf,included,"grobid: 16 sections, 13 captions",64
10.1016/j.apenergy.2019.113725,10.1016_j.apenergy.2019.113725.pdf,included,"grobid: 9 sections, 16 captions",111
10.1016/j.apenergy.2022.119284,10.1016_j.apenergy.2022.119284.pdf,included,"grobid: 24 sections, 24 captions",120
10.1016/j.apenergy.2024.124437,10.1016_j.apenergy.2024.124437.pdf,included,"grobid: 14 sections, 11 captions",64
10.1016/j.apenergy.2025.126529,10.1016_j.apenergy.2025.126529.pdf,included,"grobid: 38 sections, 32 captions",116
10.1016/j.apor.2019.101947,10.1016_j.apor.2019.101947.pdf,included,"grobid: 28 sections, 22 captions",80
10.1016/j.apor.2020.102181,10.1016_j.apor.2020.102181.pdf,included,"grobid: 25 sections, 31 captions",84
10.1016/j.apor.2023.103572,10.1016_j.apor.2023.103572.pdf,included,"grobid: 23 sections, 7 captions",97
10.1016/j.apor.2024.104398,10.1016_j.apor.2024.104398.pdf,included,"grobid: 10 sections, 26 captions",73
10.1016/j.aquaeng.2010.02.001,10.1016_j.aquaeng.2010.02.001.pdf,included,"grobid: 18 sections, 10 captions",61
10.1016/j.atmosres.2018.07.012,10.1016_j.atmosres.2018.07.012.pdf,included,"grobid: 37 sections, 10 captions",84
10.1016/j.biocon.2024.110604,10.1016_j.biocon.2024.110604.pdf,included,"grobid: 18 sections, 4 captions",57
10.1016/j.coastaleng.2020.103832,10.1016_j.coastaleng.2020.103832.pdf,included,"grobid: 12 sections, 19 captions",98
10.1016/j.dib.2022.108790,10.1016_j.dib.2022.108790.pdf,included,"grobid: 7 sections, 4 captions",26
10.1016/j.ecoinf.2024.102981,10.1016_j.ecoinf.2024.102981.pdf,included,"grobid: 18 sections, 3 captions",66
10.1016/j.ecoleng.2024.107189,10.1016_j.ecoleng.2024.107189.pdf,included,"grobid: 10 sections, 5 captions",40
10.1016/j.ecoleng.2025.107532,10.1016_j.ecoleng.2025.107532.pdf,included,"grobid: 10 sections, 4 captions",46
10.1016/j.ecolind.2016.07.037,10.1016_j.ecolind.2016.07.037.pdf,included,"grobid: 31 sections, 8 captions",90
10.1016/j.ecolind.2018.07.014,10.1016_j.ecolind.2018.07.014.pdf,included,"grobid: 19 sections, 9 captions",67
10.1016/j.ecolind.2020.106381,10.1016_j.ecolind.2020.106381.pdf,included,"grobid: 23 sections, 15 captions",75
10.1016/j.ecolind.2020.107010,10.1016_j.ecolind.2020.107010.pdf,included,"grobid: 22 sections, 8 captions",62
10.1016/j.ecolind.2021.107849,10.1016_j.ecolind.2021.107849.pdf,included,"grobid: 16 sections, 8 captions",57
10.1016/j.ecolmodel.2025.111278,10.1016_j.ecolmodel.2025.111278.pdf,included,"grobid: 14 sections, 6 captions",66
10.1016/j.ecoser.2023.101550,10.1016_j.ecoser.2023.101550.pdf,included,"grobid: 16 sections, 18 captions",82
10.1016/j.ecss.2013.03.012,10.1016_j.ecss.2013.03.012.pdf,included,"grobid: 12 sections, 6 captions",55
10.1016/j.ecss.2015.09.012,10.1016_j.ecss.2015.09.012.pdf,included,"grobid: 22 sections, 5 captions",92
10.1016/j.ecss.2020.106690,10.1016_j.ecss.2020.106690.pdf,included,"grobid: 17 sections, 9 captions",49
10.1016/j.ecss.2025.109353,10.1016_j.ecss.2025.109353.pdf,included,"grobid: 18 sections, 5 captions",115
10.1016/j.egypro.2015.11.409,10.1016_j.egypro.2015.11.409.pdf,included,"grobid: 17 sections, 17 captions",47
10.1016/j.egypro.2018.12.065,10.1016_j.egypro.2018.12.065.pdf,included,"grobid: 4 sections, 3 captions",21
10.1016/j.eiar.2023.107153,10.1016_j.eiar.2023.107153.pdf,included,"grobid: 22 sections, 4 captions",71
10.1016/j.enconman.2022.115742,10.1016_j.enconman.2022.115742.pdf,included,"grobid: 1 sections, 3 captions",5
10.1016/j.energy.2015.10.009,10.1016_j.energy.2015.10.009.pdf,included,"grobid: 10 sections, 15 captions",55
10.1016/j.energy.2015.12.049,10.1016_j.energy.2015.12.049.pdf,included,"grobid: 11 sections, 9 captions",39
10.1016/j.energy.2016.08.068,10.1016_j.energy.2016.08.068.pdf,included,"grobid: 23 sections, 27 captions",98
10.1016/j.engstruct.2019.109903,10.1016_j.engstruct.2019.109903.pdf,included,"grobid: 16 sections, 18 captions",98
10.1016/j.enpol.2016.11.024,10.1016_j.enpol.2016.11.024.pdf,included,"grobid: 25 sections, 9 captions",98
10.1016/j.enpol.2022.112907,10.1016_j.enpol.2022.112907.pdf,included,"grobid: 17 sections, 20 captions",81
10.1016/j.envpol.2022.119853,10.1016_j.envpol.2022.119853.pdf,included,"grobid: 29 sections, 9 captions",76
10.1016/j.envpol.2024.123570,10.1016_j.envpol.2024.123570.pdf,included,"grobid: 28 sections, 7 captions",83
10.1016/j.envpol.2025.127569,10.1016_j.envpol.2025.127569.pdf,included,"grobid: 17 sections, 10 captions",80
10.1016/j.envsci.2026.104335,10.1016_j.envsci.2026.104335.pdf,included,"grobid: 8 sections, 6 captions",72
10.1016/j.erss.2024.103889,10.1016_j.erss.2024.103889.pdf,included,"grobid: 16 sections, 3 captions",109
10.1016/j.esr.2023.101110,10.1016_j.esr.2023.101110.pdf,included,"grobid: 13 sections, 18 captions",78
10.1016/j.fishres.2024.106937,10.1016_j.fishres.2024.106937.pdf,included,"grobid: 6 sections, 1 captions",23
10.1016/j.jclepro.2024.143271,10.1016_j.jclepro.2024.143271.pdf,included,"grobid: 27 sections, 7 captions",84
10.1016/j.jenvman.2023.117857,10.1016_j.jenvman.2023.117857.pdf,included,"grobid: 27 sections, 6 captions",82
10.1016/j.jenvman.2023.118131,10.1016_j.jenvman.2023.118131.pdf,included,"grobid: 15 sections, 11 captions",69
10.1016/j.jenvman.2023.119022,10.1016_j.jenvman.2023.119022.pdf,included,"grobid: 19 sections, 9 captions",68
10.1016/j.jenvman.2025.126922,10.1016_j.jenvman.2025.126922.pdf,included,"grobid: 18 sections, 7 captions",78
10.1016/j.jmarsys.2020.103434,10.1016_j.jmarsys.2020.103434.pdf,included,"grobid: 11 sections, 17 captions",64
10.1016/j.joes.2023.02.001,10.1016_j.joes.2023.02.001.pdf,included,"grobid: 30 sections, 58 captions",166
10.1016/j.jrmge.2018.06.004,10.1016_j.jrmge.2018.06.004.pdf,included,"grobid: 9 sections, 19 captions",70
10.1016/j.jweia.2004.05.005,10.1016_j.jweia.2004.05.005.pdf,included,"grobid: 23 sections, 17 captions",87
10.1016/j.landusepol.2009.04.004,10.1016_j.landusepol.2009.04.004.pdf,included,"grobid: 15 sections, 3 captions",66
10.1016/j.marenvres.2013.05.013,10.1016_j.marenvres.2013.05.013.pdf,included,"grobid: 8 sections, 7 captions",52
10.1016/j.marenvres.2017.01.009,10.1016_j.marenvres.2017.01.009.pdf,included,"grobid: 9 sections, 9 captions",62
10.1016/j.marenvres.2023.106061,10.1016_j.marenvres.2023.106061.pdf,included,"grobid: 14 sections, 10 captions",57
10.1016/j.marenvres.2025.106959,10.1016_j.marenvres.2025.106959.pdf,included,"grobid: 12 sections, 8 captions",70
10.1016/j.marpol.2009.12.004,10.1016_j.marpol.2009.12.004.pdf,included,"grobid: 9 sections, 3 captions",22
10.1016/j.marpol.2014.08.015,10.1016_j.marpol.2014.08.015.pdf,included,"grobid: 20 sections, 3 captions",62
10.1016/j.marpol.2015.01.012,10.1016_j.marpol.2015.01.012.pdf,included,"grobid: 18 sections, 8 captions",66
10.1016/j.marpol.2017.01.013,10.1016_j.marpol.2017.01.013.pdf,included,"grobid: 10 sections, 4 captions",40
10.1016/j.marpol.2017.08.007,10.1016_j.marpol.2017.08.007.pdf,included,"grobid: 23 sections, 6 captions",52
10.1016/j.marpol.2020.103860,10.1016_j.marpol.2020.103860.pdf,included,"grobid: 14 sections, 3 captions",64
10.1016/j.marpol.2023.105574,10.1016_j.marpol.2023.105574.pdf,included,"grobid: 21 sections, 7 captions",84
10.1016/j.marpol.2023.105941,10.1016_j.marpol.2023.105941.pdf,included,"grobid: 18 sections, 7 captions",57
10.1016/j.marpolbul.2013.07.027,10.1016_j.marpolbul.2013.07.027.pdf,included,"grobid: 6 sections, 12 captions",49
10.1016/j.marpolbul.2021.112695,10.1016_j.marpolbul.2021.112695.pdf,included,"grobid: 17 sections, 6 captions",68
10.1016/j.marpolbul.2022.114178,10.1016_j.marpolbul.2022.114178.pdf,included,"grobid: 13 sections, 21 captions",88
10.1016/j.marpolbul.2024.116042,10.1016_j.marpolbul.2024.116042.pdf,included,"grobid: 19 sections, 10 captions",93
10.1016/j.marpolbul.2025.117915,10.1016_j.marpolbul.2025.117915.pdf,included,"grobid: 21 sections, 4 captions",120
10.1016/j.oceaneng.2020.107105,10.1016_j.oceaneng.2020.107105.pdf,included,"grobid: 28 sections, 14 captions",94
10.1016/j.oceaneng.2023.114872,10.1016_j.oceaneng.2023.114872.pdf,included,"grobid: 17 sections, 14 captions",65
10.1016/j.oceaneng.2024.117202,10.1016_j.oceaneng.2024.117202.pdf,included,"grobid: 16 sections, 27 captions",118
10.1016/j.oceaneng.2024.118914,10.1016_j.oceaneng.2024.118914.pdf,included,"grobid: 23 sections, 32 captions",111
10.1016/j.ocecoaman.2023.106513,10.1016_j.ocecoaman.2023.106513.pdf,included,"grobid: 14 sections, 7 captions",70
10.1016/j.ocecoaman.2025.107671,10.1016_j.ocecoaman.2025.107671.pdf,included,"grobid: 12 sections, 5 captions",54
10.1016/j.quascirev.2017.07.006,10.1016_j.quascirev.2017.07.006.pdf,included,"grobid: 17 sections, 9 captions",93
10.1016/j.renene.2012.12.007,10.1016_j.renene.2012.12.007.pdf,included,"grobid: 15 sections, 15 captions",70
10.1016/j.renene.2016.01.043,10.1016_j.renene.2016.01.043.pdf,included,"grobid: 14 sections, 10 captions",58
10.1016/j.renene.2020.05.188,10.1016_j.renene.2020.05.188.pdf,included,"grobid: 6 sections, 7 captions",57
10.1016/j.renene.2021.06.115,10.1016_j.renene.2021.06.115.pdf,included,"grobid: 15 sections, 14 captions",62
10.1016/j.renene.2022.12.050,10.1016_j.renene.2022.12.050.pdf,included,"grobid: 19 sections, 15 captions",67
10.1016/j.renene.2024.120217,10.1016_j.renene.2024.120217.pdf,included,"grobid: 19 sections, 16 captions",72
10.1016/j.renene.2024.120238,10.1016_j.renene.2024.120238.pdf,included,"grobid: 10 sections, 21 captions",64
10.1016/j.renene.2024.120970,10.1016_j.renene.2024.120970.pdf,included,"grobid: 18 sections, 22 captions",128
10.1016/j.resconrec.2023.107283,10.1016_j.resconrec.2023.107283.pdf,included,"grobid: 11 sections, 6 captions",52
10.1016/j.rser.2016.11.248,10.1016_j.rser.2016.11.248.pdf,included,"grobid: 20 sections, 4 captions",68
10.1016/j.rser.2019.03.055,10.1016_j.rser.2019.03.055.pdf,included,"grobid: 29 sections, 6 captions",92
10.1016/j.rser.2021.110857,10.1016_j.rser.2021.110857.pdf,included,"grobid: 36 sections, 11 captions",123
10.1016/j.rser.2023.113254,10.1016_j.rser.2023.113254.pdf,included,"grobid: 14 sections, 20 captions",118
10.1016/j.rser.2024.114386,10.1016_j.rser.2024.114386.pdf,included,"grobid: 23 sections, 7 captions",112
10.1016/j.rsma.2023.103100,10.1016_j.rsma.2023.103100.pdf,included,"grobid: 21 sections, 11 captions",83
10.1016/j.rsma.2025.104218,10.1016_j.rsma.2025.104218.pdf,included,"grobid: 22 sections, 5 captions",66
10.1016/j.rsma.2025.104591,10.1016_j.rsma.2025.104591.pdf,included,"grobid: 11 sections, 4 captions",42
10.1016/j.scitotenv.2020.138256,10.1016_j.scitotenv.2020.138256.pdf,included,"grobid: 27 sections, 5 captions",78
10.1016/j.scitotenv.2021.146847,10.1016_j.scitotenv.2021.146847.pdf,included,"grobid: 40 sections, 3 captions",105
10.1016/j.scitotenv.2022.159285,10.1016_j.scitotenv.2022.159285.pdf,included,"grobid: 21 sections, 6 captions",77
10.1016/j.scitotenv.2022.159324,10.1016_j.scitotenv.2022.159324.pdf,included,"grobid: 20 sections, 10 captions",72
10.1016/j.scitotenv.2025.178814,10.1016_j.scitotenv.2025.178814.pdf,included,"grobid: 26 sections, 13 captions",74
10.1016/j.seares.2009.01.008,10.1016_j.seares.2009.01.008.pdf,included,"grobid: 18 sections, 19 captions",96
10.1016/j.seares.2017.04.009,10.1016_j.seares.2017.04.009.pdf,included,"grobid: 22 sections, 19 captions",93
10.1016/j.seares.2024.102498,10.1016_j.seares.2024.102498.pdf,included,"grobid: 14 sections, 9 captions",64
10.1016/j.seares.2024.102502,10.1016_j.seares.2024.102502.pdf,included,"grobid: 16 sections, 9 captions",57
10.1016/j.seares.2024.102522,10.1016_j.seares.2024.102522.pdf,included,"grobid: 27 sections, 6 captions",69
10.1016/j.seares.2024.102557,10.1016_j.seares.2024.102557.pdf,included,"grobid: 16 sections, 11 captions",64
10.1016/j.segan.2025.101816,10.1016_j.segan.2025.101816.pdf,included,"grobid: 8 sections, 11 captions",42
10.1016/j.seta.2016.02.001,10.1016_j.seta.2016.02.001.pdf,included,"grobid: 18 sections, 11 captions",75
10.1016/j.seta.2024.103776,10.1016_j.seta.2024.103776.pdf,included,"grobid: 17 sections, 11 captions",56
10.1017/s0959270925000097,10.1017_s0959270925000097.pdf,included,"grobid: 14 sections, 9 captions",44
10.1021/acs.est.0c00070,10.1021_acs.est.0c00070.pdf,included,"grobid: 5 sections, 3 captions",81
10.1021/acs.est.2c07797,10.1021_acs.est.2c07797.pdf,included,"grobid: 11 sections, 7 captions",51
10.1021/acs.est.4c03861,10.1021_acs.est.4c03861.pdf,included,"grobid: 11 sections, 6 captions",48
10.1029/2021gc010289,10.1029_2021gc010289.pdf,included,"grobid: 12 sections, 9 captions",71
10.1029/2023jf007153,10.1029_2023jf007153.pdf,included,"grobid: 15 sections, 10 captions",67
10.1038/nclimate3338,10.1038_nclimate3338.pdf,included,"grobid: 11 sections, 0 captions",49
10.1038/s41597-025-04920-1,10.1038_s41597-025-04920-1.pdf,included,"grobid: 8 sections, 4 captions",45
10.1038/s41598-018-32912-2,10.1038_s41598-018-32912-2.pdf,included,"grobid: 10 sections, 8 captions",64
10.1038/s41598-021-89537-1,10.1038_s41598-021-89537-1.pdf,included,"grobid: 8 sections, 8 captions",86
10.1038/s41598-021-91283-3,10.1038_s41598-021-91283-3.pdf,included,"grobid: 9 sections, 11 captions",56
10.1038/s41598-023-31601-z,10.1038_s41598-023-31601-z.pdf,included,"grobid: 11 sections, 5 captions",47
10.1038/s41598-023-45829-2,10.1038_s41598-023-45829-2.pdf,included,"grobid: 12 sections, 11 captions",66
10.1038/s41598-024-56731-w,10.1038_s41598-024-56731-w.pdf,included,"grobid: 8 sections, 10 captions",52
10.1038/s41598-025-01541-x,10.1038_s41598-025-01541-x.pdf,included,"grobid: 8 sections, 2 captions",42
10.1038/s41598-025-15279-z,10.1038_s41598-025-15279-z.pdf,included,"grobid: 20 sections, 7 captions",77
10.1038/s41598-025-24296-x,10.1038_s41598-025-24296-x.pdf,included,"grobid: 32 sections, 6 captions",70
10.1038/s41598-025-91525-8,10.1038_s41598-025-91525-8.pdf,included,"grobid: 15 sections, 16 captions",64
10.1038/s42003-023-04728-y,10.1038_s42003-023-04728-y.pdf,included,"grobid: 4 sections, 6 captions",55
10.1038/s43247-022-00403-y,10.1038_s43247-022-00403-y.pdf,included,"grobid: 5 sections, 3 captions",29
10.1038/s43247-022-00625-0,10.1038_s43247-022-00625-0.pdf,included,"grobid: 4 sections, 4 captions",44
10.1038/s43247-023-01116-6,10.1038_s43247-023-01116-6.pdf,included,"grobid: 4 sections, 9 captions",69
10.1038/s43247-025-02253-w,10.1038_s43247-025-02253-w.pdf,included,"grobid: 16 sections, 9 captions",97
10.1038/s43247-025-02346-6,10.1038_s43247-025-02346-6.pdf,included,"grobid: 6 sections, 10 captions",77
10.1038/s43247-026-03186-8,10.1038_s43247-026-03186-8.pdf,included,"grobid: 12 sections, 14 captions",76
10.1038/s43247-026-03390-6,10.1038_s43247-026-03390-6.pdf,included,"grobid: 12 sections, 22 captions",74
10.1038/s44183-022-00003-5,10.1038_s44183-022-00003-5.pdf,included,"grobid: 7 sections, 3 captions",32
10.1038/s44183-025-00121-w,10.1038_s44183-025-00121-w.pdf,included,"grobid: 10 sections, 12 captions",78
10.1039/d1se00105a,10.1039_d1se00105a.pdf,included,"grobid: 19 sections, 13 captions",79
10.1049/icp.2022.1675,10.1049_icp.2022.1675.pdf,included,"grobid: 8 sections, 6 captions",28
10.1049/icp.2023.1579,10.1049_icp.2023.1579.pdf,included,"grobid: 9 sections, 15 captions",52
10.1049/iet-rpg.2016.0955,10.1049_iet-rpg.2016.0955.pdf,included,"grobid: 18 sections, 10 captions",56
10.1051/alr_2023001,10.1051_alr_2023001.pdf,included,"grobid: 19 sections, 7 captions",77
10.1051/alr_2025010,10.1051_alr_2025010.pdf,included,"grobid: 18 sections, 12 captions",72
10.1051/e3scconf_20185101004,10.1051_e3scconf_20185101004.pdf,included,"grobid: 5 sections, 12 captions",30
10.1051/e3sconf_201910301003,10.1051_e3sconf_201910301003.pdf,included,"grobid: 5 sections, 9 captions",25
10.1051/e3sconf_202128508004,10.1051_e3sconf_202128508004.pdf,included,"grobid: 7 sections, 7 captions",25
10.1051/matecconf_20166206004,10.1051_matecconf_20166206004.pdf,included,"grobid: 5 sections, 10 captions",25
10.1061/_asce_gt.1943-5606.0002522,10.1061__asce_gt.1943-5606.0002522.pdf,included,"grobid: 15 sections, 22 captions",73
10.1061/_asce_hy.1943-7900.0001443,10.1061__asce_hy.1943-7900.0001443.pdf,included,"grobid: 7 sections, 11 captions",60
10.1080/00063657.2024.2305169,10.1080_00063657.2024.2305169.pdf,included,"grobid: 22 sections, 3 captions",73
10.1080/01431161.2026.2612908,10.1080_01431161.2026.2612908.pdf,included,"grobid: 11 sections, 16 captions",64
10.1080/1064119x.2016.1255687,10.1080_1064119x.2016.1255687.pdf,included,"grobid: 23 sections, 27 captions",72
10.1080/17451000801947043,10.1080_17451000801947043.pdf,included,"grobid: 11 sections, 5 captions",42
10.1088/1742-6596_1222_1_012009,10.1088_1742-6596_1222_1_012009.pdf,included,"grobid: 6 sections, 7 captions",23
10.1088/1742-6596_1356_1_012012,10.1088_1742-6596_1356_1_012012.pdf,included,"grobid: 14 sections, 10 captions",39
10.1088/1742-6596_2626_1_012039,10.1088_1742-6596_2626_1_012039.pdf,included,"grobid: 10 sections, 8 captions",43
10.1088/1742-6596_2767_4_042014,10.1088_1742-6596_2767_4_042014.pdf,included,"grobid: 13 sections, 7 captions",39
10.1088/1742-6596_2767_6_062013,10.1088_1742-6596_2767_6_062013.pdf,included,"grobid: 6 sections, 9 captions",42
10.1088/1742-6596_2767_6_062020,10.1088_1742-6596_2767_6_062020.pdf,included,"grobid: 8 sections, 9 captions",43
10.1088/1742-6596_2767_6_062022,10.1088_1742-6596_2767_6_062022.pdf,included,"grobid: 5 sections, 7 captions",33
10.1088/1742-6596_2875_1_012012,10.1088_1742-6596_2875_1_012012.pdf,included,"grobid: 9 sections, 7 captions",34
10.1088/1742-6596_2875_1_012018,10.1088_1742-6596_2875_1_012018.pdf,included,"grobid: 12 sections, 8 captions",44
10.1088/1748-9326_7_4_045101,10.1088_1748-9326_7_4_045101.pdf,included,"grobid: 11 sections, 9 captions",56
10.1088/1748-9326_aaea0b,10.1088_1748-9326_aaea0b.pdf,included,"grobid: 11 sections, 10 captions",47
10.1093/icesjms_fsaa133,10.1093_icesjms_fsaa133.pdf,included,"grobid: 13 sections, 8 captions",61
10.1093/icesjms_fsaa207,10.1093_icesjms_fsaa207.pdf,included,"grobid: 14 sections, 8 captions",62
10.1093/icesjms_fsac026,10.1093_icesjms_fsac026.pdf,included,"grobid: 17 sections, 22 captions",81
10.1093/icesjms_fsac107,10.1093_icesjms_fsac107.pdf,included,"grobid: 12 sections, 7 captions",50
10.1093/icesjms_fsad043,10.1093_icesjms_fsad043.pdf,included,"grobid: 20 sections, 16 captions",70
10.1093/icesjms_fsad150,10.1093_icesjms_fsad150.pdf,included,"grobid: 11 sections, 6 captions",53
10.1093/icesjms_fsad179,10.1093_icesjms_fsad179.pdf,included,"grobid: 14 sections, 6 captions",65
10.1093/icesjms_fsad194,10.1093_icesjms_fsad194.pdf,included,"grobid: 9 sections, 4 captions",59
10.1093/icesjms_fsaf153,10.1093_icesjms_fsaf153.pdf,included,"grobid: 23 sections, 16 captions",78
10.1093/icesjms_fsu215,10.1093_icesjms_fsu215.pdf,included,"grobid: 17 sections, 15 captions",82
10.1093/icesjms_fsv003,10.1093_icesjms_fsv003.pdf,included,"grobid: 15 sections, 6 captions",62
10.1093/icesjms_fsy006,10.1093_icesjms_fsy006.pdf,included,"grobid: 13 sections, 8 captions",55
10.1093/icesjms_fsz018,10.1093_icesjms_fsz018.pdf,included,"grobid: 13 sections, 5 captions",81
10.1093/icesjms_fsz050,10.1093_icesjms_fsz050.pdf,included,"grobid: 18 sections, 6 captions",55
10.1093/icesjms_fsz199,10.1093_icesjms_fsz199.pdf,included,"grobid: 8 sections, 8 captions",41
10.1098/rsos.190335,10.1098_rsos.190335.pdf,included,"grobid: 6 sections, 8 captions",55
10.1098/rsos.240339,10.1098_rsos.240339.pdf,included,"grobid: 14 sections, 7 captions",55
10.1103/physrevfluids.9.103802,10.1103_physrevfluids.9.103802.pdf,included,"grobid: 21 sections, 13 captions",63
10.1109/eem58374.2023.10161875,10.1109_eem58374.2023.10161875.pdf,included,"grobid: 11 sections, 7 captions",36
10.1109/eucnc_6gsummit63408.2025.11037210,10.1109_eucnc_6gsummit63408.2025.11037210.pdf,included,"grobid: 11 sections, 6 captions",38
10.1109/igarss39084.2020.9324044,10.1109_igarss39084.2020.9324044.pdf,included,"grobid: 6 sections, 4 captions",16
10.1109/igarss53475.2024.10640591,10.1109_igarss53475.2024.10640591.pdf,included,"grobid: 7 sections, 4 captions",23
10.1109/isgteurope.2019.8905500,10.1109_isgteurope.2019.8905500.pdf,included,"grobid: 14 sections, 8 captions",30
10.1109/isgteurope56780.2023.10408146,10.1109_isgteurope56780.2023.10408146.pdf,included,"grobid: 6 sections, 14 captions",40
10.1109/jstars.2008.2002218,10.1109_jstars.2008.2002218.pdf,included,"grobid: 12 sections, 19 captions",70
10.1109/pesgm.2016.7741970,10.1109_pesgm.2016.7741970.pdf,included,"grobid: 13 sections, 7 captions",30
10.1109/pesgm41954.2020.9281706,10.1109_pesgm41954.2020.9281706.pdf,included,"grobid: 14 sections, 10 captions",32
10.1109/tpwrs.2014.2332762,10.1109_tpwrs.2014.2332762.pdf,included,"grobid: 10 sections, 5 captions",51
10.1109/tste.2023.3288130,10.1109_tste.2023.3288130.pdf,included,"grobid: 13 sections, 16 captions",79
10.1111/acv.12817,10.1111_acv.12817.pdf,included,"grobid: 13 sections, 11 captions",59
10.1111/area.12417,10.1111_area.12417.pdf,included,"grobid: 11 sections, 2 captions",45
10.1111/conl.12563,10.1111_conl.12563.pdf,included,"grobid: 8 sections, 4 captions",31
10.1111/csp2.13114,10.1111_csp2.13114.pdf,included,"grobid: 13 sections, 4 captions",56
10.1115/omae2022-79230,10.1115_omae2022-79230.pdf,included,"grobid: 9 sections, 12 captions",32
10.1115/omae2024-127479,10.1115_omae2024-127479.pdf,included,"grobid: 9 sections, 8 captions",31
10.1127/0941-2948_2010_0422,10.1127_0941-2948_2010_0422.pdf,included,"grobid: 6 sections, 11 captions",67
10.1127/metz_2017_0826,10.1127_metz_2017_0826.pdf,included,"grobid: 13 sections, 18 captions",56
10.1127/metz_2018_0900,10.1127_metz_2018_0900.pdf,included,"grobid: 16 sections, 11 captions",76
10.1127/metz_2020_1023,10.1127_metz_2020_1023.pdf,included,"grobid: 30 sections, 17 captions",116
10.1127/metz_2021_1063,10.1127_metz_2021_1063.pdf,included,"grobid: 12 sections, 17 captions",81
10.1127/metz_2022_1109,10.1127_metz_2022_1109.pdf,included,"grobid: 30 sections, 8 captions",132
10.1127/metz_2022_1166,10.1127_metz_2022_1166.pdf,included,"grobid: 21 sections, 26 captions",105
10.1127/metz_2025_1215,10.1127_metz_2025_1215.pdf,included,"grobid: 23 sections, 18 captions",104
10.1136/bmjopen-2018-024006,10.1136_bmjopen-2018-024006.pdf,included,"grobid: 78 sections, 29 captions",241
10.1142/s1464333221500010,10.1142_s1464333221500010.pdf,included,"grobid: 12 sections, 5 captions",64
10.1144/geoenergy2023-008,10.1144_geoenergy2023-008.pdf,included,"grobid: 19 sections, 17 captions",90
10.1155/2013_126428,10.1155_2013_126428.pdf,included,"grobid: 11 sections, 14 captions",48
10.1155/er_2518424,10.1155_er_2518424.pdf,included,"grobid: 4 sections, 0 captions",9
10.1175/jamc-d-15-0197.1,10.1175_jamc-d-15-0197.1.pdf,included,"grobid: 20 sections, 12 captions",78
10.1177/0957650919851001,10.1177_0957650919851001.pdf,included,"grobid: 14 sections, 9 captions",55
10.1186/1746-6148-9-145,10.1186_1746-6148-9-145.pdf,included,"grobid: 32 sections, 7 captions",62
10.1186/s12302-026-01329-4,10.1186_s12302-026-01329-4.pdf,included,"grobid: 3 sections, 0 captions",12
10.1186/s13705-024-00466-z,10.1186_s13705-024-00466-z.pdf,included,"grobid: 10 sections, 6 captions",88
10.1186/s13705-024-00474-z,10.1186_s13705-024-00474-z.pdf,included,"grobid: 15 sections, 10 captions",80
10.1186/s13750-022-00285-9,10.1186_s13750-022-00285-9.pdf,included,"grobid: 35 sections, 18 captions",105
10.1186/s40317-021-00238-y,10.1186_s40317-021-00238-y.pdf,included,"grobid: 10 sections, 5 captions",40
10.1186/s40317-024-00386-x,10.1186_s40317-024-00386-x.pdf,included,"grobid: 17 sections, 8 captions",59
10.1186/s40317-025-00427-z,10.1186_s40317-025-00427-z.pdf,included,"grobid: 13 sections, 4 captions",50
10.1186/s40462-019-0173-5,10.1186_s40462-019-0173-5.pdf,included,"grobid: 11 sections, 6 captions",42
10.1186/s40462-024-00520-7,10.1186_s40462-024-00520-7.pdf,included,"grobid: 22 sections, 6 captions",57
10.1201/9781003308829-106,10.1201_9781003308829-106.pdf,included,"grobid: 8 sections, 8 captions",29
10.1201/9781315375045-29,10.1201_9781315375045-29.pdf,included,"grobid: 20 sections, 15 captions",49
10.12716/1001.07.04.18,10.12716_1001.07.04.18.pdf,included,"grobid: 12 sections, 10 captions",28
10.12716/1001.19.01.27,10.12716_1001.19.01.27.pdf,included,"grobid: 10 sections, 13 captions",29
10.12716/1001.19.02.37,10.12716_1001.19.02.37.pdf,included,"grobid: 11 sections, 6 captions",44
10.12911/22998993_196200,10.12911_22998993_196200.pdf,included,"grobid: 9 sections, 4 captions",66
10.1306/04042322097,10.1306_04042322097.pdf,included,"grobid: 36 sections, 45 captions",164
10.1371/journal.pone.0033052,10.1371_journal.pone.0033052.pdf,included,"grobid: 10 sections, 11 captions",60
10.1371/journal.pone.0160830,10.1371_journal.pone.0160830.pdf,included,"grobid: 14 sections, 21 captions",95
10.1371/journal.pone.0176653,10.1371_journal.pone.0176653.pdf,included,"grobid: 13 sections, 9 captions",51
10.1371/journal.pone.0239919,10.1371_journal.pone.0239919.pdf,included,"grobid: 8 sections, 16 captions",76
10.1515/lpts-2015-0009,10.1515_lpts-2015-0009.pdf,included,"grobid: 5 sections, 13 captions",33
10.1515/lpts-2016-0016,10.1515_lpts-2016-0016.pdf,included,"grobid: 4 sections, 12 captions",24
10.1515/pomr-2016-0008,10.1515_pomr-2016-0008.pdf,included,"grobid: 15 sections, 12 captions",40
10.1578/am.51.4.2025.319,10.1578_am.51.4.2025.319.pdf,included,"grobid: 12 sections, 7 captions",59
10.1680/jgeen.16.00022,10.1680_jgeen.16.00022.pdf,included,"grobid: 23 sections, 17 captions",66
10.1680/jgeot.18.p.236,10.1680_jgeot.18.p.236.pdf,included,"grobid: 13 sections, 6 captions",60
10.1680/jgeot.18.p.255,10.1680_jgeot.18.p.255.pdf,included,"grobid: 16 sections, 20 captions",92
10.1680/jgeot.19.ti.001,10.1680_jgeot.19.ti.001.pdf,included,"grobid: 15 sections, 17 captions",86
10.17341/gazimmfd.1398232,10.17341_gazimmfd.1398232.pdf,included,"grobid: 9 sections, 4 captions",44
10.17721/1728-2713.106.02,10.17721_1728-2713.106.02.pdf,included,"grobid: 4 sections, 6 captions",24
10.19217/nul2022-01-02,10.19217_nul2022-01-02.pdf,included,"grobid: 3 sections, 7 captions",29
10.22449/2413-5577-2020-4-22-39,10.22449_2413-5577-2020-4-22-39.pdf,included,"grobid: 86 sections, 72 captions",584
10.24084/repqj10.799,10.24084_repqj10.799.pdf,included,"grobid: 4 sections, 8 captions",29
10.2478/foli-2023-0012,10.2478_foli-2023-0012.pdf,included,"grobid: 6 sections, 9 captions",34
10.2478/pomr-2014-0048,10.2478_pomr-2014-0048.pdf,included,"grobid: 9 sections, 8 captions",54
10.2478/pomr-2019-0005,10.2478_pomr-2019-0005.pdf,included,"grobid: 14 sections, 4 captions",29
10.2478/v10047-008-0023-5,10.2478_v10047-008-0023-5.pdf,included,"grobid: 18 sections, 7 captions",35
10.2478/v10145-011-0001-7,10.2478_v10145-011-0001-7.pdf,included,"grobid: 3 sections, 15 captions",33
10.24917/20801653.401.3,10.24917_20801653.401.3.pdf,included,"grobid: 4 sections, 3 captions",34
10.2495/cp110081,10.2495_cp110081.pdf,included,"grobid: 5 sections, 3 captions",24
10.2495/cp130121,10.2495_cp130121.pdf,included,"grobid: 4 sections, 3 captions",24
10.2495/epm200041,10.2495_epm200041.pdf,included,"grobid: 8 sections, 5 captions",29
10.28991/cej-2024-010-07-019,10.28991_cej-2024-010-07-019.pdf,included,"grobid: 10 sections, 2 captions",57
10.30638/eemj.2010.129,10.30638_eemj.2010.129.pdf,included,"grobid: 0 sections, 0 captions",2
10.3097/lo.200805,10.3097_lo.200805.pdf,included,"grobid: 15 sections, 9 captions",78
10.3176/earth.2023.85,10.3176_earth.2023.85.pdf,included,"grobid: 11 sections, 9 captions",61
10.32075/17ecsmge-2019-0706,10.32075_17ecsmge-2019-0706.pdf,included,"grobid: 11 sections, 8 captions",25
10.32075/17ecsmge-2019-0755,10.32075_17ecsmge-2019-0755.pdf,included,"grobid: 15 sections, 6 captions",35
10.32075/17ecsmge-2019-0758,10.32075_17ecsmge-2019-0758.pdf,included,"grobid: 8 sections, 7 captions",26
10.3303/cet1332319,10.3303_cet1332319.pdf,included,"grobid: 9 sections, 1 captions",29
10.33070/etars.4.2023.04,10.33070_etars.4.2023.04.pdf,included,"grobid: 7 sections, 11 captions",39
10.33223/epj_119071,10.33223_epj_119071.pdf,included,"grobid: 6 sections, 4 captions",36
10.33223/epj_146412,10.33223_epj_146412.pdf,included,"grobid: 12 sections, 8 captions",57
10.3354/meps12929,10.3354_meps12929.pdf,included,"grobid: 6 sections, 7 captions",36
10.3354/meps14315,10.3354_meps14315.pdf,included,"grobid: 11 sections, 7 captions",66
10.3354/meps14883,10.3354_meps14883.pdf,included,"grobid: 13 sections, 8 captions",76
10.33782/eminak2020.1_29_.399,10.33782_eminak2020.1_29_.399.pdf,included,"grobid: 4 sections, 1 captions",19
10.3389/fclim.2024.1353939,10.3389_fclim.2024.1353939.pdf,included,glyph-fixed via pymupdf full text (no section structure),100
10.3389/feart.2019.00234,10.3389_feart.2019.00234.pdf,included,"grobid: 48 sections, 14 captions",120
10.3389/fenrg.2018.00109,10.3389_fenrg.2018.00109.pdf,included,"grobid: 18 sections, 3 captions",108
10.3389/fenrg.2018.00136,10.3389_fenrg.2018.00136.pdf,included,"grobid: 23 sections, 16 captions",93
10.3389/fenrg.2019.00042,10.3389_fenrg.2019.00042.pdf,included,"grobid: 9 sections, 17 captions",52
10.3389/fenrg.2019.00083,10.3389_fenrg.2019.00083.pdf,included,"grobid: 7 sections, 14 captions",44
10.3389/fenrg.2022.920151,10.3389_fenrg.2022.920151.pdf,included,"grobid: 52 sections, 102 captions",262
10.3389/fmars.2018.00402,10.3389_fmars.2018.00402.pdf,included,"grobid: 16 sections, 13 captions",94
10.3389/fmars.2019.00824,10.3389_fmars.2019.00824.pdf,included,"grobid: 10 sections, 5 captions",51
10.3389/fmars.2020.00060,10.3389_fmars.2020.00060.pdf,included,"grobid: 49 sections, 5 captions",80
10.3389/fmars.2020.00230,10.3389_fmars.2020.00230.pdf,included,"grobid: 11 sections, 7 captions",68
10.3389/fmars.2020.00379,10.3389_fmars.2020.00379.pdf,included,"grobid: 13 sections, 10 captions",77
10.3389/fmars.2020.606609,10.3389_fmars.2020.606609.pdf,included,"grobid: 14 sections, 10 captions",84
10.3389/fmars.2021.629230,10.3389_fmars.2021.629230.pdf,included,"grobid: 21 sections, 12 captions",83
10.3389/fmars.2021.632243,10.3389_fmars.2021.632243.pdf,included,"grobid: 19 sections, 9 captions",74
10.3389/fmars.2021.701332,10.3389_fmars.2021.701332.pdf,included,"grobid: 18 sections, 7 captions",49
10.3389/fmars.2021.712982,10.3389_fmars.2021.712982.pdf,included,"grobid: 16 sections, 1 captions",106
10.3389/fmars.2021.754375,10.3389_fmars.2021.754375.pdf,included,"grobid: 19 sections, 9 captions",52
10.3389/fmars.2021.769680,10.3389_fmars.2021.769680.pdf,included,"grobid: 12 sections, 5 captions",80
10.3389/fmars.2022.1006647,10.3389_fmars.2022.1006647.pdf,included,"grobid: 8 sections, 7 captions",68
10.3389/fmars.2022.1008005,10.3389_fmars.2022.1008005.pdf,included,"grobid: 10 sections, 6 captions",35
10.3389/fmars.2022.1068967,10.3389_fmars.2022.1068967.pdf,included,"grobid: 7 sections, 5 captions",39
10.3389/fmars.2022.818501,10.3389_fmars.2022.818501.pdf,included,"grobid: 11 sections, 13 captions",83
10.3389/fmars.2022.884943,10.3389_fmars.2022.884943.pdf,included,"grobid: 15 sections, 13 captions",62
10.3389/fmars.2022.959375,10.3389_fmars.2022.959375.pdf,included,"grobid: 16 sections, 18 captions",124
10.3389/fmars.2023.1101469,10.3389_fmars.2023.1101469.pdf,included,"grobid: 16 sections, 11 captions",66
10.3389/fmars.2023.1110299,10.3389_fmars.2023.1110299.pdf,included,"grobid: 19 sections, 6 captions",73
10.3389/fmars.2023.1124580,10.3389_fmars.2023.1124580.pdf,included,"grobid: 10 sections, 8 captions",48
10.3389/fmars.2023.1128322,10.3389_fmars.2023.1128322.pdf,included,"grobid: 15 sections, 8 captions",68
10.3389/fmars.2023.1178330,10.3389_fmars.2023.1178330.pdf,included,"grobid: 10 sections, 7 captions",87
10.3389/fmars.2023.1182921,10.3389_fmars.2023.1182921.pdf,included,"grobid: 15 sections, 6 captions",84
10.3389/fmars.2023.1223766,10.3389_fmars.2023.1223766.pdf,included,"grobid: 10 sections, 5 captions",44
10.3389/fmars.2023.1233744,10.3389_fmars.2023.1233744.pdf,included,"grobid: 14 sections, 12 captions",59
10.3389/fmars.2023.1322367,10.3389_fmars.2023.1322367.pdf,included,"grobid: 15 sections, 3 captions",60
10.3389/fmars.2024.1344013,10.3389_fmars.2024.1344013.pdf,included,"grobid: 20 sections, 6 captions",70
10.3389/fmars.2024.1358851,10.3389_fmars.2024.1358851.pdf,included,"grobid: 23 sections, 4 captions",101
10.3389/fmars.2024.1379331,10.3389_fmars.2024.1379331.pdf,included,"grobid: 22 sections, 16 captions",94
10.3389/fmars.2025.1468734,10.3389_fmars.2025.1468734.pdf,included,"grobid: 23 sections, 12 captions",99
10.3389/fmars.2025.1539143,10.3389_fmars.2025.1539143.pdf,included,"grobid: 23 sections, 9 captions",89
10.3389/fmars.2025.1561347,10.3389_fmars.2025.1561347.pdf,included,"grobid: 12 sections, 9 captions",58
10.3389/fmars.2025.1619577,10.3389_fmars.2025.1619577.pdf,included,"grobid: 24 sections, 10 captions",73
10.3389/fmars.2025.1674859,10.3389_fmars.2025.1674859.pdf,included,"grobid: 17 sections, 8 captions",79
10.3389/fmars.2026.1743207,10.3389_fmars.2026.1743207.pdf,included,"grobid: 13 sections, 6 captions",57
10.3389/fmars.2026.1748431,10.3389_fmars.2026.1748431.pdf,included,"grobid: 23 sections, 14 captions",104
10.3389/fmars.2026.1765872,10.3389_fmars.2026.1765872.pdf,included,"grobid: 17 sections, 6 captions",59
10.3390/app14020557,10.3390_app14020557.pdf,included,"grobid: 19 sections, 30 captions",106
10.3390/d15020288,10.3390_d15020288.pdf,included,"grobid: 21 sections, 8 captions",65
10.3390/d18030163,10.3390_d18030163.pdf,included,"grobid: 29 sections, 8 captions",98
10.3390/en10121944,10.3390_en10121944.pdf,included,"grobid: 10 sections, 7 captions",51
10.3390/en12142833,10.3390_en12142833.pdf,included,"grobid: 9 sections, 9 captions",37
10.3390/en13143670,10.3390_en13143670.pdf,included,"grobid: 20 sections, 15 captions",93
10.3390/en14175428,10.3390_en14175428.pdf,included,"grobid: 20 sections, 16 captions",56
10.3390/en15238873,10.3390_en15238873.pdf,included,"grobid: 19 sections, 22 captions",90
10.3390/en16114316,10.3390_en16114316.pdf,included,"grobid: 21 sections, 21 captions",84
10.3390/en18164344,10.3390_en18164344.pdf,included,"grobid: 27 sections, 29 captions",102
10.3390/en18215631,10.3390_en18215631.pdf,included,"grobid: 9 sections, 13 captions",56
10.3390/geotechnics4020033,10.3390_geotechnics4020033.pdf,included,"grobid: 22 sections, 32 captions",104
10.3390/ijerph18052553,10.3390_ijerph18052553.pdf,included,"grobid: 13 sections, 22 captions",60
10.3390/ijgi9020096,10.3390_ijgi9020096.pdf,included,"grobid: 54 sections, 26 captions",147
10.3390/jmse11101924,10.3390_jmse11101924.pdf,included,"grobid: 17 sections, 15 captions",61
10.3390/jmse14010002,10.3390_jmse14010002.pdf,included,"grobid: 13 sections, 14 captions",51
10.3390/jmse7110399,10.3390_jmse7110399.pdf,included,"grobid: 57 sections, 15 captions",98
10.3390/resources3020454,10.3390_resources3020454.pdf,included,"grobid: 10 sections, 16 captions",52
10.3390/s21216998,10.3390_s21216998.pdf,included,"grobid: 22 sections, 23 captions",87
10.3390/su13042297,10.3390_su13042297.pdf,included,"grobid: 18 sections, 6 captions",67
10.3390/su8040333,10.3390_su8040333.pdf,included,"grobid: 19 sections, 2 captions",80
10.3390/vibration6020027,10.3390_vibration6020027.pdf,included,"grobid: 12 sections, 15 captions",64
10.3391/bir.2021.10.4.01,10.3391_bir.2021.10.4.01.pdf,included,"grobid: 11 sections, 11 captions",51
10.34080/os.v22.22593,10.34080_os.v22.22593.pdf,included,"grobid: 8 sections, 7 captions",29
10.34080/os.v32.22331,10.34080_os.v32.22331.pdf,included,"grobid: 6 sections, 12 captions",44
10.35378/gujs.734895,10.35378_gujs.734895.pdf,included,"grobid: 14 sections, 12 captions",45
10.37410/emerg.2020.3.04,10.37410_emerg.2020.3.04.pdf,included,"grobid: 8 sections, 12 captions",34
10.3750/aip2011.41.4.08,10.3750_aip2011.41.4.08.pdf,included,"grobid: 4 sections, 8 captions",38
10.3846/16486897.2013.800078,10.3846_16486897.2013.800078.pdf,included,"grobid: 7 sections, 2 captions",25
10.3850/38wc092019-5552,10.3850_38wc092019-5552.pdf,included,"grobid: 25 sections, 0 captions",34
10.3934/energy.2017.2.268,10.3934_energy.2017.2.268.pdf,included,"grobid: 10 sections, 16 captions",62
10.3934/energy.2018.6.967,10.3934_energy.2018.6.967.pdf,included,"grobid: 7 sections, 10 captions",31
10.3934/geosci.2019.2.66,10.3934_geosci.2019.2.66.pdf,included,"grobid: 9 sections, 12 captions",37
10.3934/geosci.2025021,10.3934_geosci.2025021.pdf,included,"grobid: 4 sections, 7 captions",34
10.3997/1873-0604.2017032,10.3997_1873-0604.2017032.pdf,included,"grobid: 11 sections, 4 captions",41
10.4043/30933-ms,10.4043_30933-ms.pdf,included,"grobid: 25 sections, 11 captions",60
10.4430/bgo00513,10.4430_bgo00513.pdf,included,"grobid: 12 sections, 8 captions",36
10.46544/ams.v27i3.20,10.46544_ams.v27i3.20.pdf,included,"grobid: 4 sections, 1 captions",51
10.4995/arqueologica8.2016.3554,10.4995_arqueologica8.2016.3554.pdf,included,"grobid: 10 sections, 15 captions",49
10.5194/acp-13-443-2013,10.5194_acp-13-443-2013.pdf,included,"grobid: 14 sections, 27 captions",100
10.5194/acp-19-6681-2019,10.5194_acp-19-6681-2019.pdf,included,"grobid: 6 sections, 14 captions",68
10.5194/adgeo-45-273-2018,10.5194_adgeo-45-273-2018.pdf,included,"grobid: 4 sections, 5 captions",32
10.5194/adgeo-56-141-2021,10.5194_adgeo-56-141-2021.pdf,included,"grobid: 5 sections, 9 captions",67
10.5194/adgeo-58-135-2023,10.5194_adgeo-58-135-2023.pdf,included,"grobid: 4 sections, 11 captions",58
10.5194/adgeo-62-41-2023,10.5194_adgeo-62-41-2023.pdf,included,"grobid: 5 sections, 11 captions",71
10.5194/adgeo-65-83-2024,10.5194_adgeo-65-83-2024.pdf,included,"grobid: 5 sections, 11 captions",90
10.5194/angeo-28-1043-2010,10.5194_angeo-28-1043-2010.pdf,included,"grobid: 9 sections, 6 captions",47
10.5194/asr-20-109-2023,10.5194_asr-20-109-2023.pdf,included,"grobid: 22 sections, 10 captions",79
10.5194/asr-22-59-2025,10.5194_asr-22-59-2025.pdf,included,"grobid: 8 sections, 8 captions",33
10.5194/bg-21-2547-2024,10.5194_bg-21-2547-2024.pdf,included,"grobid: 23 sections, 15 captions",88
10.5194/esd-13-1-2022,10.5194_esd-13-1-2022.pdf,included,"grobid: 64 sections, 10 captions",340
10.5194/esd-8-1223-2017,10.5194_esd-8-1223-2017.pdf,included,"grobid: 21 sections, 13 captions",71
10.5194/essd-17-6839-2025,10.5194_essd-17-6839-2025.pdf,included,"grobid: 19 sections, 11 captions",54
10.5194/esurf-9-1399-2021,10.5194_esurf-9-1399-2021.pdf,included,"grobid: 17 sections, 10 captions",93
10.5194/gmd-16-3553-2023,10.5194_gmd-16-3553-2023.pdf,included,"grobid: 11 sections, 19 captions",58
10.5194/gmd-17-4447-2024,10.5194_gmd-17-4447-2024.pdf,included,"grobid: 13 sections, 17 captions",84
10.5194/isprsarchives-xl-7-w3-959-2015,10.5194_isprsarchives-xl-7-w3-959-2015.pdf,included,"grobid: 10 sections, 11 captions",52
10.5194/nhess-8-1249-2008,10.5194_nhess-8-1249-2008.pdf,included,"grobid: 4 sections, 9 captions",40
10.5194/os-13-337-2017,10.5194_os-13-337-2017.pdf,included,"grobid: 13 sections, 11 captions",48
10.5194/sd-34-29-2025,10.5194_sd-34-29-2025.pdf,included,"grobid: 8 sections, 4 captions",46
10.5194/we-16-73-2016,10.5194_we-16-73-2016.pdf,included,"grobid: 7 sections, 4 captions",46
10.5194/wes-10-1101-2025,10.5194_wes-10-1101-2025.pdf,included,"grobid: 13 sections, 21 captions",94
10.5194/wes-10-1123-2025,10.5194_wes-10-1123-2025.pdf,included,"grobid: 12 sections, 12 captions",63
10.5194/wes-10-143-2025,10.5194_wes-10-143-2025.pdf,included,"grobid: 24 sections, 17 captions",84
10.5194/wes-10-1575-2025,10.5194_wes-10-1575-2025.pdf,included,"grobid: 25 sections, 14 captions",98
10.5194/wes-10-1887-2025,10.5194_wes-10-1887-2025.pdf,included,"grobid: 12 sections, 21 captions",70
10.5194/wes-10-245-2025,10.5194_wes-10-245-2025.pdf,included,"grobid: 15 sections, 16 captions",87
10.5194/wes-10-779-2025,10.5194_wes-10-779-2025.pdf,included,"grobid: 29 sections, 39 captions",138
10.5194/wes-11-1077-2026,10.5194_wes-11-1077-2026.pdf,included,"grobid: 15 sections, 14 captions",84
10.5194/wes-11-1803-2026,10.5194_wes-11-1803-2026.pdf,included,"grobid: 25 sections, 25 captions",99
10.5194/wes-11-443-2026,10.5194_wes-11-443-2026.pdf,included,"grobid: 21 sections, 26 captions",109
10.5194/wes-11-861-2026,10.5194_wes-11-861-2026.pdf,included,"grobid: 14 sections, 14 captions",114
10.5194/wes-4-451-2019,10.5194_wes-4-451-2019.pdf,included,"grobid: 13 sections, 19 captions",68
10.5194/wes-5-1705-2020,10.5194_wes-5-1705-2020.pdf,included,"grobid: 15 sections, 11 captions",42
10.5194/wes-5-29-2020,10.5194_wes-5-29-2020.pdf,included,"grobid: 22 sections, 15 captions",96
10.5194/wes-6-1455-2021,10.5194_wes-6-1455-2021.pdf,included,"grobid: 8 sections, 16 captions",78
10.5194/wes-6-521-2021,10.5194_wes-6-521-2021.pdf,included,"grobid: 18 sections, 12 captions",96
10.5194/wes-7-1069-2022,10.5194_wes-7-1069-2022.pdf,included,"grobid: 1 sections, 0 captions",2
10.5194/wes-7-1693-2022,10.5194_wes-7-1693-2022.pdf,included,"grobid: 12 sections, 15 captions",77
10.5194/wes-7-2373-2022,10.5194_wes-7-2373-2022.pdf,included,"grobid: 17 sections, 16 captions",85
10.5194/wes-7-2433-2022,10.5194_wes-7-2433-2022.pdf,included,"grobid: 19 sections, 21 captions",117
10.5194/wes-7-801-2022,10.5194_wes-7-801-2022.pdf,included,"grobid: 18 sections, 7 captions",49
10.5194/wes-8-125-2023,10.5194_wes-8-125-2023.pdf,included,"grobid: 12 sections, 16 captions",75
10.5194/wes-8-535-2023,10.5194_wes-8-535-2023.pdf,included,"grobid: 13 sections, 19 captions",99
10.5194/wes-8-621-2023,10.5194_wes-8-621-2023.pdf,included,"grobid: 14 sections, 16 captions",82
10.5194/wes-8-771-2023,10.5194_wes-8-771-2023.pdf,included,"grobid: 22 sections, 10 captions",85
10.5194/wes-9-1393-2024,10.5194_wes-9-1393-2024.pdf,included,"grobid: 23 sections, 22 captions",103
10.5194/wes-9-697-2024,10.5194_wes-9-697-2024.pdf,included,"grobid: 14 sections, 15 captions",88
10.5200/baltica.2015.28.15,10.5200_baltica.2015.28.15.pdf,included,"grobid: 7 sections, 5 captions",41
10.52202/077185-0152,10.52202_077185-0152.pdf,included,"grobid: 8 sections, 6 captions",42
10.5253/arde.v110i1.a8,10.5253_arde.v110i1.a8.pdf,included,"grobid: 14 sections, 8 captions",53
10.5278/ijsepm.3372,10.5278_ijsepm.3372.pdf,included,"grobid: 11 sections, 1 captions",50
10.5281/zenodo.17939186,10.5281_zenodo.17939186.pdf,included,"grobid: 6 sections, 10 captions",34
10.55802/ijb.029_3_.005,10.55802_ijb.029_3_.005.pdf,included,"grobid: 19 sections, 16 captions",81
10.5670/oceanog.2020.403,10.5670_oceanog.2020.403.pdf,included,"grobid: 19 sections, 7 captions",49
10.5670/oceanog.2020.404,10.5670_oceanog.2020.404.pdf,included,"grobid: 8 sections, 2 captions",42
10.5670/oceanog.2020.410,10.5670_oceanog.2020.410.pdf,included,"grobid: 14 sections, 4 captions",51
10.5751/es-05207-170432,10.5751_es-05207-170432.pdf,included,"grobid: 23 sections, 9 captions",76
10.6001/energetika.2023.69.1.2,10.6001_energetika.2023.69.1.2.pdf,included,"grobid: 10 sections, 11 captions",73
10.7225/toms.v14.n02.s08,10.7225_toms.v14.n02.s08.pdf,included,"grobid: 8 sections, 3 captions",33
10.7712/100016.2117.6772,10.7712_100016.2117.6772.pdf,included,"grobid: 15 sections, 11 captions",59
10.7712/120115.3465.1049,10.7712_120115.3465.1049.pdf,included,"grobid: 11 sections, 15 captions",59
10.7755/fb.123.1.5,10.7755_fb.123.1.5.pdf,included,"grobid: 17 sections, 4 captions",50
10.1007/3-540-33291-x_15,10.1007_3-540-33291-x_15.pdf,skipped,grobid_fail: GROBID returned 500 for PDFs\10.1007_3-540-33291-x_15.pdf: [NO_,0
10.1007/978-981-96-4569-5_48,10.1007_978-981-96-4569-5_48.pdf,skipped,grobid_fail: GROBID returned 500 for PDFs\10.1007_978-981-96-4569-5_48.pdf: ,0
10.1007/s00227-016-2918-7,10.1007_s00227-016-2918-7.pdf,skipped,grobid: parsed but produced no usable content,0
10.1016/j.enpol.2012.06.056,10.1016_j.enpol.2012.06.056.pdf,skipped,grobid: parsed but produced no usable content,0
10.1049/cp.2019.0258,10.1049_cp.2019.0258.pdf,skipped,grobid_fail: GROBID returned 500 for PDFs\10.1049_cp.2019.0258.pdf: [BAD_INP,0
10.1051/e3sconf_202020702014,10.1051_e3sconf_202020702014.pdf,skipped,grobid: parsed but produced no usable content,0
10.22449/1573-160x-2019-3-185-201,10.22449_1573-160x-2019-3-185-201.pdf,skipped,grobid_fail: GROBID returned 500 for PDFs\10.22449_1573-160x-2019-3-185-201.,0
