item_idx,model_tag,condition,abstained,correct,grounded,retrieval_hit,failure_type,question,answer
0,8b,A,False,True,,,,"In the temporary closure of a European lobster (Homarus gammarus) fishery, what happened to lobster abundance and size inside the closed area?","Research on the temporary closure of a European lobster (Homarus gammarus) fishery has shown that it can lead to an increase in lobster abundance and size inside the closed area. This is because the removal of fishing pressure allows the lobster population to recover and grow, as there is less predation and disturbance."
0,8b,B1,False,True,,,,"In the temporary closure of a European lobster (Homarus gammarus) fishery, what happened to lobster abundance and size inside the closed area?","According to Document 2 and Document 5, in the temporary closure of a European lobster (Homarus gammarus) fishery:

- Lobster abundance increased inside the closed area (Document 5: ""an increase in the proportion of larger lobster (> 100 mm CL) reported in Figure 2 and the overall higher number of lobsters observed was expected due to the closure of the site when compared to the baseline data."")
- Lobster size increased inside the closed area (Document 5: ""the increase in the proportion of larger lobster (> 100 mm CL) reported in Figure 2"")"
0,8b,B2,False,True,,,,"In the temporary closure of a European lobster (Homarus gammarus) fishery, what happened to lobster abundance and size inside the closed area?","According to the documents, in the temporary closure of a European lobster (Homarus gammarus) fishery:

- Lobster abundance increased inside the closed area (Document 3: ""The increase in the proportion of larger lobster (> 100 mm CL) reported in Figure 2 and the overall higher number of lobsters observed was expected due to the closure of the site when compared to the baseline data."")
- The size of lobsters inside the closed area also increased, with a higher proportion of larger lobsters (> 100 mm CL) (Document 3: ""The increase in the proportion of larger lobster (> 100 mm CL) reported in Figure 2..."")"
0,8b,C,False,True,,,,"In the temporary closure of a European lobster (Homarus gammarus) fishery, what happened to lobster abundance and size inside the closed area?","There is no information in the provided documents about the temporary closure of a European lobster (Homarus gammarus) fishery, or what happened to lobster abundance and size inside the closed area."
0,8b,D,False,False,True,,grounded_but_wrong,"In the temporary closure of a European lobster (Homarus gammarus) fishery, what happened to lobster abundance and size inside the closed area?","According to Document 1, within the closed area, there was a significant decline in lobster abundance and a reduction in mean lobster size."
1,8b,A,False,False,,,parametric_error,"How does a blue mussel's position on an offshore wind turbine foundation affect its biomass, and why?","Research has shown that blue mussels (Mytilus edulis) tend to accumulate on the lower sections of offshore wind turbine foundations, particularly on the monopile or the transition piece. 

The position of blue mussels on the foundation affects their biomass due to differences in environmental conditions such as:

1. Water flow: Lower sections of the foundation experience reduced water flow, which can lead to increased mussel growth and biomass accumulation.
2. Sedimentation: Mussels on the lower sections tend to accumulate more sediment, which can provide additional nutrients and habitat for the mussels, promoting growth.
3. Light exposure: Mussels on the lower sections may experience reduced light exposure, which can lead to increased growth rates as they rely more on nutrient uptake from the water rather than photosynthesis.

These factors contribute to the observed accumulation of blue mussels on the lower sections of offshore wind turbine foundations, resulting in higher biomass in these areas."
1,8b,B1,False,True,,,,"How does a blue mussel's position on an offshore wind turbine foundation affect its biomass, and why?","According to the documents, a blue mussel's position on an offshore wind turbine foundation affects its biomass in the following way:

Blue mussels located higher up in the water column on turbine pillars achieve a 7-18 times higher biomass than those located on the scour protection. This is because the former experience an enhanced advective food supply.

Additionally, the biomass of mussels located on foundations is about 500 times higher than for mussel beds in the model, and the total biomass of blue mussels associated with the small areas occupied by the wind turbines is close to the biomass of mussel beds distributed over the entire area within the OWF. This is due to the fact that foundations offer access to higher food concentrations in the surface layers and protection for predators in contrast to the mussel beds that are spread over a large area with few shelters."
1,8b,B2,False,True,,,,"How does a blue mussel's position on an offshore wind turbine foundation affect its biomass, and why?","According to the documents, a blue mussel's position on an offshore wind turbine foundation affects its biomass in the following way:

Mussels located higher up in the water column on turbine pillars achieve a 7-18 times higher biomass than those located on the scour protection. This is because the former experience an enhanced advective food supply. 

In other words, mussels near the surface have better access to food, which leads to higher biomass."
1,8b,C,True,,,,abstention,"How does a blue mussel's position on an offshore wind turbine foundation affect its biomass, and why?","The provided documents do not contain information about how a blue mussel's position on an offshore wind turbine foundation affects its biomass, and why."
1,8b,D,False,False,True,,grounded_but_wrong,"How does a blue mussel's position on an offshore wind turbine foundation affect its biomass, and why?","According to the document, a blue mussel's position on an offshore wind turbine foundation affects its biomass in that those situated lower down on the scour protection exhibit significantly higher biomass than those positioned higher up on the pillars. This is due to the reduced advective food supply lower in the water column, which allows the mussels to thrive in a more stable and resource-rich environment."
2,8b,A,True,,,,abstention,"In the ecosystem model's reef scenario after offshore wind farm construction, how did the modelled activity of top predators such as Atlantic cod change?","I'm not aware of the specific details of the ecosystem model you're referring to. However, I can provide general information on the potential impacts of offshore wind farms on marine ecosystems.

Research has shown that offshore wind farms can have varying effects on marine ecosystems, including changes in fish populations and behavior. Some studies have found that the presence of wind turbines can lead to changes in fish behavior, such as avoidance of areas with turbines, which can affect the distribution and abundance of fish species.

Regarding top predators like Atlantic cod, some studies have suggested that they may be affected by changes in prey populations or habitat use in response to offshore wind farms. However, the specific effects of offshore wind farms on Atlantic cod populations are not well understood and may depend on various factors, including the location, size, and design of the wind farm, as well as the characteristics of the surrounding ecosystem.

To provide a more accurate answer, I would need more information about the specific ecosystem model you're referring to, including its assumptions, parameters, and results. If you have any additional details or context, I would be happy to try and help further."
2,8b,B1,False,True,,,,"In the ecosystem model's reef scenario after offshore wind farm construction, how did the modelled activity of top predators such as Atlantic cod change?","According to Document 3, the modelled activity of top predators, including Atlantic cod, strongly increased after the construction of the offshore wind farm."
2,8b,B2,False,True,,,,"In the ecosystem model's reef scenario after offshore wind farm construction, how did the modelled activity of top predators such as Atlantic cod change?","According to Document 2, in the ecosystem model's REEF scenario after offshore wind farm construction, the modelled activity of top predators such as Atlantic cod increased compared to the BOWF model."
2,8b,C,True,,,,abstention,"In the ecosystem model's reef scenario after offshore wind farm construction, how did the modelled activity of top predators such as Atlantic cod change?","There is no information in the provided documents about the ecosystem model's reef scenario after offshore wind farm construction, or how the modelled activity of top predators such as Atlantic cod changed."
2,8b,D,False,False,True,,grounded_but_wrong,"In the ecosystem model's reef scenario after offshore wind farm construction, how did the modelled activity of top predators such as Atlantic cod change?","According to Document 1, in the ecosystem model's reef scenario after offshore wind farm construction, the modelled activity of top predators such as Atlantic cod decreased."
3,8b,A,False,True,,,,"In the sandy habitat of the southern North Sea, how did the hard substrate of offshore wind farm monopiles affect fish and crab species?","Research on the southern North Sea has shown that the hard substrate of offshore wind farm monopiles can have both positive and negative effects on fish and crab species.

Positive effects include:

1. Increased habitat complexity: Monopiles provide artificial reefs that can increase habitat complexity, attracting a variety of fish and crab species that prefer complex environments.
2. Enhanced biodiversity: Studies have found that monopiles can support a higher diversity of species, including some that are rare or endangered.

Negative effects include:

1. Reduced habitat quality: Monopiles can alter the natural sediment structure, reducing the quality of the habitat for some species.
2. Increased predation risk: Monopiles can create a ""barrier effect,"" where fish and crabs are funneled towards the monopiles, increasing their vulnerability to predators.
3. Changes in species composition: Monopiles can lead to changes in the composition of species, favoring those that are more tolerant of the artificial habitat.

It's essential to note that the effects of monopiles on fish and crab species can vary depending on factors such as the location, depth, and type of monopile, as well as the species composition of the area.

A 2019 study published in the journal ""Marine Environmental Research"" found that the monopiles in the Dogger Bank area of the southern North Sea supported a diverse range of fish and crab species, including some that were not found in the surrounding sandy habitat. However, the study also noted that the monopiles altered the natural sediment structure and reduced the quality of the habitat for some species.

Further research is needed to fully understand the effects of monopiles on fish and crab species in the southern North Sea."
3,8b,B1,False,True,,,,"In the sandy habitat of the southern North Sea, how did the hard substrate of offshore wind farm monopiles affect fish and crab species?","According to Document 1, the introduction of monopile structures and related hard-substrate in the sandy habitat of the southern North Sea attracted fish and crab species, and altered the behaviour of the fish. The monopiles of the wind farm functioned as artificial reefs, and two species never found in the area were caught close to the monopiles.

According to Document 2, the hard substrate surrounding the monopiles attracted cod, pouting, bullrout, and edible and velvet crab, while attraction to the sandy habitat was shown for flatfish and whiting. Further, two species previously not caught in this area, goldsinny wrasse and grey trigger fish, were caught on the hard substrate.

Therefore, the hard substrate of offshore wind farm monopiles in the sandy habitat of the southern North Sea attracted various fish and crab species, and altered their behaviour."
3,8b,B2,False,True,,,,"In the sandy habitat of the southern North Sea, how did the hard substrate of offshore wind farm monopiles affect fish and crab species?","According to the documents, the hard substrate of offshore wind farm monopiles in the sandy habitat of the southern North Sea:

- Attracted fish and crab species.
- Functioned as artificial reefs.
- Altered the behaviour of fish.
- Attracted cod, pouting, bullrout, edible and velvet crab.
- Attracted flatfish and whiting to the sandy habitat.
- Allowed the presence of two species previously not caught in the area, goldsinny wrasse and grey trigger fish."
3,8b,C,True,,,,abstention,"In the sandy habitat of the southern North Sea, how did the hard substrate of offshore wind farm monopiles affect fish and crab species?",The provided documents do not contain information about the specific effects of offshore wind farm monopiles on fish and crab species in the sandy habitat of the southern North Sea.
3,8b,D,False,False,True,,grounded_but_wrong,"In the sandy habitat of the southern North Sea, how did the hard substrate of offshore wind farm monopiles affect fish and crab species?","The hard substrate of the offshore wind farm monopiles repelled fish and crab species, effectively creating a barren zone devoid of marine life."
4,8b,A,True,,,,abstention,How did cod catch rates around monopiles with rock protection compare with those around monopiles with sandbag protection or jacket foundations?,"I couldn't find any specific studies directly comparing cod catch rates around monopiles with rock protection to those around monopiles with sandbag protection or jacket foundations. However, I can provide some general information on the topic.

Studies have shown that the type of foundation used in offshore wind farms can affect the local benthic environment and potentially influence fish behavior and catch rates. For example:

- A study on the Horns Rev 1 offshore wind farm in Denmark found that cod catch rates were lower near monopiles with rock protection compared to areas without any structures.
- Another study on the North Sea found that cod catch rates were higher near jacket foundations compared to monopiles with sandbag protection.

It's essential to note that these findings may not be directly comparable due to differences in study design, location, and environmental conditions. More research is needed to fully understand the effects of different foundation types on cod catch rates.

If you're looking for specific information on a particular study or location, I recommend searching for peer-reviewed articles or consulting with experts in the field."
4,8b,B1,False,True,,,,How did cod catch rates around monopiles with rock protection compare with those around monopiles with sandbag protection or jacket foundations?,"According to Document 1, catch rates of cod were considerably higher around monopiles with rock protection than around monopiles with sandbag protection or around Jacket foundations. No cod was caught above sandbag protection, and the maximum number of one cod was caught around Jacket foundations."
4,8b,B2,False,True,,,,How did cod catch rates around monopiles with rock protection compare with those around monopiles with sandbag protection or jacket foundations?,"According to Document 1, catch rates of cod were considerably higher around monopiles with rock protection than around monopiles with sandbag protection or around Jacket foundations. No cod was caught above sandbag protection and the maximum number of one cod around Jacket foundations. This pattern was confirmed by the results of the generalized linear model, where rock foundation was the only significant predictor (p < 0.001)."
4,8b,C,True,,,,abstention,How did cod catch rates around monopiles with rock protection compare with those around monopiles with sandbag protection or jacket foundations?,The documents do not contain information about cod catch rates around monopiles with rock protection compared to those around monopiles with sandbag protection or jacket foundations.
4,8b,D,False,False,True,,grounded_but_wrong,How did cod catch rates around monopiles with rock protection compare with those around monopiles with sandbag protection or jacket foundations?,"Catch rates of cod were significantly lower around monopiles with rock protection than around monopiles with sandbag protection or jacket foundations. No cod was caught above rock protection, while up to seven cod were caught around monopiles with sandbags and up to five cod were caught at jacket foundations."
5,8b,A,True,,,,abstention,"Given the spatial overlap between offshore wind farms and flatfish spawning grounds, what proportion of flatfish settlers were estimated to originate from OWF areas?","I couldn't find any specific information on the proportion of flatfish settlers originating from offshore wind farm (OWF) areas. However, I can provide some context.

Research has shown that offshore wind farms can have varying impacts on marine life, including flatfish. Some studies suggest that OWFs can act as artificial reefs, potentially increasing the availability of habitat for certain species, including flatfish.

A study published in the journal ""Marine Environmental Research"" in 2019 found that the presence of an offshore wind farm in the North Sea led to an increase in the abundance of juvenile flatfish, but the proportion of settlers originating from the OWF area was not explicitly estimated.

Another study published in the journal ""ICES Journal of Marine Science"" in 2020 found that the spatial overlap between OWFs and flatfish spawning grounds was significant, but the study did not provide an estimate of the proportion of flatfish settlers originating from OWF areas.

I recommend searching for more recent studies or consulting with experts in the field for more specific information on this topic."
5,8b,B1,False,True,,,,"Given the spatial overlap between offshore wind farms and flatfish spawning grounds, what proportion of flatfish settlers were estimated to originate from OWF areas?","According to Document 1, the proportion of settlers originating from OWF areas varied from 2% to 16%. 

Document 3 states that the proportion of settlers arriving at the nursery grounds that might originate from OWFs is not solely related to the overlap between OWFs and spawning grounds, but it does not provide a specific proportion.

Document 5 provides more information, stating that for the French nursery ground, two species presented more than 0.5% of arrivals from OWFs: dab from South UK OWFs (8.5%) and turbot from French OWFs (0.5%). However, it does not provide a general proportion of flatfish settlers estimated to originate from OWF areas.

Document 2 mentions that the proportion of settlers at a given spawning location originating from OWFs is the relative contribution of settlers originating from OWFs to the total number of settlers in a given spawning ground, but it does not provide a specific proportion.

Document 4 shows a figure with the percentage of larval inflow in the nurseries of individuals spawned from areas with and without offshore wind farms, but it does not provide a specific proportion of flatfish settlers estimated to originate from OWF areas.

Therefore, the most accurate answer based on the documents is that the proportion of settlers originating from OWF areas varied from 2% to 16% (Document 1)."
5,8b,B2,False,True,,,,"Given the spatial overlap between offshore wind farms and flatfish spawning grounds, what proportion of flatfish settlers were estimated to originate from OWF areas?","According to Document 1, the proportion of settlers originating from OWF areas varied from 2% to 16%. 

Document 3 states that the proportion of settlers arriving at the nursery grounds that might originate from OWFs is not solely related to the overlap between OWFs and spawning grounds, but it does not provide a specific proportion.

Document 5 provides more information, stating that for the French nursery ground, two species presented more than 0.5% of arrivals from OWFs: dab from South UK OWFs (8.5%) and turbot from French OWFs (0.5%). However, it does not provide a general proportion of flatfish settlers estimated to originate from OWF areas.

Document 2 mentions that the proportion of settlers at a given spawning location originating from OWFs is the relative contribution of settlers originating from OWFs to the total number of settlers in a given spawning ground, but it does not provide a specific proportion.

Document 4 shows a figure with the percentage of larval inflow in the nurseries of individuals spawned from areas with and without offshore wind farms, but it does not provide a specific proportion of flatfish settlers estimated to originate from OWF areas.

Therefore, the most accurate answer based on the documents is that the proportion of settlers originating from OWF areas varied from 2% to 16% (Document 1)."
5,8b,C,True,,,,abstention,"Given the spatial overlap between offshore wind farms and flatfish spawning grounds, what proportion of flatfish settlers were estimated to originate from OWF areas?",The documents do not contain information about the proportion of flatfish settlers that originate from OWF areas.
5,8b,D,False,False,True,,grounded_but_wrong,"Given the spatial overlap between offshore wind farms and flatfish spawning grounds, what proportion of flatfish settlers were estimated to originate from OWF areas?",The proportion of flatfish settlers estimated to originate from offshore wind farm (OWF) areas was virtually zero.
6,8b,A,True,,,,abstention,How do Atlantic cod fare in relation to the artificial reefs created by offshore wind farms?,"Research on the impact of offshore wind farms on Atlantic cod is ongoing, but some studies suggest that artificial reefs created by wind turbines can provide habitat for cod and other marine species. 

A 2019 study published in the journal 'Marine Environmental Research' found that cod were more abundant near offshore wind farms in the North Sea compared to control areas. However, another study published in 2020 in the journal 'ICES Journal of Marine Science' found no significant difference in cod abundance between wind farm and control areas.

More research is needed to fully understand the effects of offshore wind farms on Atlantic cod populations."
6,8b,B1,False,True,,,,How do Atlantic cod fare in relation to the artificial reefs created by offshore wind farms?,"According to the documents, Atlantic cod (Gadus morhua) fare better in relation to the artificial reefs created by offshore wind farms with certain foundation types. Specifically:

- Monopile foundations with rock protection on the seabed were able to attract significantly more fish, including Atlantic cod, than monopile foundations with sandbag protection and jacket foundations (Document 1).
- The catch rates of Atlantic cod were higher above rock protection, with values ranging from ~ 2 -14 individuals per hour and angler during summer months (Document 4).
- Fish densities varied on small scales, meaning that reef effects were spatially restricted (Document 1).

However, the documents do not provide information on how Atlantic cod fare in relation to artificial reefs created by offshore wind farms with floating foundations or in deeper waters (>100 m)."
6,8b,B2,False,True,,,,How do Atlantic cod fare in relation to the artificial reefs created by offshore wind farms?,"According to the documents, Atlantic cod:

- Show high fidelity and residency at artificial reefs created by offshore wind farms.
- Are attracted to these artificial reefs.
- Spend a large proportion of their time budget in the direct vicinity of the artificial reefs.
- Use the artificial reefs as a feeding habitat as well as sheltering.
- Demonstrate hiding behaviour in the concrete pipes of the artificial reefs, especially in relation to current speed and seasons.
- Have been shown to have local production at artificial reefs in the southern North Sea in other OWF studies.

It is also mentioned that artificial reefs with scour bed protection do not have a significant additional effect on their attractiveness for cod, but the presence of scour bed protection and turbines are highly attractive for cod."
6,8b,C,True,,,,abstention,How do Atlantic cod fare in relation to the artificial reefs created by offshore wind farms?,The documents do not contain any information about Atlantic cod or their relation to artificial reefs created by offshore wind farms.
6,8b,D,False,False,True,,grounded_but_wrong,How do Atlantic cod fare in relation to the artificial reefs created by offshore wind farms?,"According to the document, Atlantic cod exhibit a strong avoidance response to the artificial reefs created by offshore wind farms, demonstrating low site fidelity and residency, and rarely sheltering in them. They consistently avoided both types of artificial reefs and spent a substantial proportion of their time swimming away from the structures."
7,8b,A,True,,,,abstention,How did plaice abundance around offshore wind turbine scour protection compare with the surrounding sand?,"I couldn't find any specific information on a study directly comparing plaice abundance around offshore wind turbine scour protection to the surrounding sand. However, I can suggest some possible sources where you may find relevant information.

A study published in the Journal of Applied Ecology in 2018 found that the presence of scour protection around offshore wind turbines in the North Sea did not significantly affect the abundance of plaice (Pleuronectes platessa) or other fish species. However, the study did not specifically compare plaice abundance around scour protection to the surrounding sand.

Another study published in the journal Marine Environmental Research in 2020 found that the installation of offshore wind turbines in the North Sea led to a decrease in plaice abundance in the immediate vicinity of the turbines, but not in the surrounding areas. However, this study did not specifically examine the effect of scour protection on plaice abundance.

I recommend searching for more recent studies or contacting researchers in the field for more information on this specific topic."
7,8b,B1,False,True,,,,How did plaice abundance around offshore wind turbine scour protection compare with the surrounding sand?,"According to Document 1, diving transects at 11 monopiles revealed four times higher plaice abundances on the sandy patches of the scour protection layer (SPL) compared to the surrounding sand."
7,8b,B2,False,True,,,,How did plaice abundance around offshore wind turbine scour protection compare with the surrounding sand?,"According to Document 1, diving transects at 11 monopiles revealed four times higher plaice abundances on the sandy patches of the scour protection layer (SPL) compared to the surrounding sand."
7,8b,C,True,,,,abstention,How did plaice abundance around offshore wind turbine scour protection compare with the surrounding sand?,The provided documents do not contain any information about plaice abundance around offshore wind turbine scour protection compared to the surrounding sand.
7,8b,D,False,False,True,,grounded_but_wrong,How did plaice abundance around offshore wind turbine scour protection compare with the surrounding sand?,"According to Document 1, plaice abundance around offshore wind turbine scour protection was approximately one quarter of the levels observed on the surrounding sand."
8,8b,A,True,,,,abstention,Could real edge effects or spillover from changes in fisheries intensity around offshore wind farms be demonstrated in the Belgian North Sea study?,"The Belgian North Sea study, also known as the 'Belgian Part of the North Sea Benthic Habitat Mapping and Quantification of Seabed Habitats and Change' project, did investigate the potential effects of offshore wind farms on marine ecosystems.

However, I couldn't find any specific information on whether the study demonstrated real edge effects or spillover from changes in fisheries intensity around offshore wind farms. The study primarily focused on the impact of offshore wind farms on benthic habitats and species.

It's worth noting that edge effects and spillover are complex phenomena that can be difficult to quantify and demonstrate in field studies. If you're looking for information on this specific topic, I recommend searching for more recent or specialized studies that may have investigated this aspect in more detail."
8,8b,B1,False,True,,,,Could real edge effects or spillover from changes in fisheries intensity around offshore wind farms be demonstrated in the Belgian North Sea study?,"No, real edge effects or spillover from changes in fisheries intensity around offshore wind farms could not be demonstrated in the Belgian North Sea study. According to Document 2, ""At the wind farm edges, only few temporary effects were noted, but real edge effects due to changes in fisheries intensity or 'spillover' from the wind farms could not be shown."""
8,8b,B2,False,True,,,,Could real edge effects or spillover from changes in fisheries intensity around offshore wind farms be demonstrated in the Belgian North Sea study?,"No, real edge effects or spillover from changes in fisheries intensity around offshore wind farms could not be demonstrated in the Belgian North Sea study. According to Document 2, ""At the wind farm edges, only few temporary effects were noted, but real edge effects due to changes in fisheries intensity or 'spillover' from the wind farms could not be shown."""
8,8b,C,True,,,,abstention,Could real edge effects or spillover from changes in fisheries intensity around offshore wind farms be demonstrated in the Belgian North Sea study?,The provided documents do not contain information about the Belgian North Sea study or any study that specifically investigates edge effects or spillover from changes in fisheries intensity around offshore wind farms.
8,8b,D,False,False,True,,grounded_but_wrong,Could real edge effects or spillover from changes in fisheries intensity around offshore wind farms be demonstrated in the Belgian North Sea study?,"Yes, real edge effects or spillover from changes in fisheries intensity around offshore wind farms were consistently demonstrated across multiple analyses in the Belgian North Sea study."
9,8b,A,False,True,,,,"Within the closed areas of offshore wind farms, how does the reduced fishing pressure affect fish biomass?","Research suggests that within closed areas of offshore wind farms, reduced fishing pressure can lead to an increase in fish biomass. This is often referred to as a ""fishing exclusion effect."" Studies have shown that the absence of fishing gear within these areas allows fish populations to grow and thrive, resulting in higher biomass levels compared to areas with continued fishing pressure."
9,8b,B1,False,True,,,,"Within the closed areas of offshore wind farms, how does the reduced fishing pressure affect fish biomass?","According to Document 1, the biomass inside wind farm areas increased compared to the original pressure system, indicating that reduced fishing pressure partially mitigated the pressures and allowed for an increase in biomass. 

Document 2 states that the cessation of fishing activities within offshore wind farms has led to the conclusion that these areas offer refuge to commercially exploited species, comparable to the functioning of marine protected areas. 

Document 5 explains that the offshore wind farm plays the role of a Marine Protected Area (MPA) after the closure of fishing activities, allowing exploited species to benefit from the absence of fishing mortality, which leads to an increase in biomass."
9,8b,B2,False,True,,,,"Within the closed areas of offshore wind farms, how does the reduced fishing pressure affect fish biomass?","According to Document 1, within the closed areas, the reduced fishing pressure led to an increase in fish biomass and therefore biomass of large piscivorous predators."
9,8b,C,False,True,,,,"Within the closed areas of offshore wind farms, how does the reduced fishing pressure affect fish biomass?","According to Document 4, within the closed areas of offshore wind farms, reduced fishing pressure creates opportunities for fish and crustacean species that experience high fishing pressure. This results in higher densities of benthopelagic fish and large invertebrates, such as cod (Gadus morhua), edible crab (Cancer pagurus), and European lobster (Homarus gammarus)."
9,8b,D,False,False,True,,grounded_but_wrong,"Within the closed areas of offshore wind farms, how does the reduced fishing pressure affect fish biomass?",The reduced fishing pressure within the closed areas of offshore wind farms actually decreases fish biomass.
10,8b,A,True,,,,abstention,Which new fish species have been reported appearing at offshore wind farm sites as a result of the changed habitat?,"I couldn't find any specific information on new fish species appearing at offshore wind farm sites as a result of the changed habitat. However, research has shown that offshore wind farms can provide new habitats for various marine species, such as:

1. Seals and dolphins: Some studies have reported increased sightings of these species near offshore wind farms.
2. Fish species that prefer structure: Fish like cod, haddock, and plaice have been found to thrive in the artificial reefs created by wind farm foundations.
3. Marine invertebrates: Species like anemones, corals, and mussels have been observed colonizing the structures of offshore wind farms.

It's essential to note that the impact of offshore wind farms on marine ecosystems is still being researched, and more studies are needed to fully understand the effects on local fish populations and species diversity.

If you're looking for specific information on new fish species, I recommend consulting recent research papers or reports from organizations like the International Renewable Energy Agency (IRENA), the Global Wind Energy Council (GWEC), or the National Oceanic and Atmospheric Administration (NOAA)."
10,8b,B1,False,False,False,False,retrieval_failure,Which new fish species have been reported appearing at offshore wind farm sites as a result of the changed habitat?,"The documents do not explicitly mention any new fish species that have been reported appearing at offshore wind farm sites as a result of the changed habitat. However, Document 5 mentions the presence of ""relatively large plaice"" inside the wind farms, which could be interpreted as a change in fish population due to the changed habitat."
10,8b,B2,False,True,,,,Which new fish species have been reported appearing at offshore wind farm sites as a result of the changed habitat?,"According to the documents, the following new fish species have been reported appearing at offshore wind farm sites as a result of the changed habitat:

1. Goldsinny wrasse (Document 2)
2. Grey trigger fish (Document 2)
3. Cod (Document 2)
4. Pouting (Document 2)
5. Bullrout (Document 2)
6. Edible crab (Document 2)
7. Velvet crab (Document 2)

Note that Document 4 mentions that two species never found in the area were caught close to the monopiles, but it does not specify which species."
10,8b,C,False,True,,,,Which new fish species have been reported appearing at offshore wind farm sites as a result of the changed habitat?,"There is no information in the provided documents about new fish species appearing at offshore wind farm sites as a result of the changed habitat. The documents discuss the potential effects of subsea power cables on elasmobranchs (rays, skates, sharks) and the uncertainty in risk assessments for EMF effects on benthic elasmobranchs, but do not mention any new species appearing at offshore wind farm sites."
10,8b,D,False,False,True,,grounded_but_wrong,Which new fish species have been reported appearing at offshore wind farm sites as a result of the changed habitat?,No new fish species have been reported at offshore wind farm sites.
11,8b,A,True,,,,abstention,Which crab species were found to be attracted to the hard substrate introduced by the offshore wind farm?,"I'm not aware of specific information regarding crab species attracted to the hard substrate introduced by offshore wind farms. However, I can suggest that research on this topic may be found in studies on marine biodiversity and ecosystem impacts of offshore wind farms. If you could provide more context or details about the study or location you are referring to, I may be able to provide a more accurate answer."
11,8b,B1,False,True,,,,Which crab species were found to be attracted to the hard substrate introduced by the offshore wind farm?,"According to Document 1, the crab species attracted to the hard substrate introduced by the offshore wind farm are:

1. Edible crab
2. Velvet crab"
11,8b,B2,False,True,,,,Which crab species were found to be attracted to the hard substrate introduced by the offshore wind farm?,"According to Document 1, edible and velvet crab were attracted to the hard substrate introduced by the offshore wind farm."
11,8b,C,False,True,,,,Which crab species were found to be attracted to the hard substrate introduced by the offshore wind farm?,"According to Document 4, the edible crab species (Cancer pagurus) was found to be attracted to the hard substrate introduced by the offshore wind farm."
11,8b,D,False,False,True,,grounded_but_wrong,Which crab species were found to be attracted to the hard substrate introduced by the offshore wind farm?,"The documents do not mention any crab species being attracted to the hard substrate introduced by the offshore wind farm. In fact, it states that over 80% of edible crabs were caught far away from the monopiles, suggesting a strong avoidance of the artificial structures."
0,70b,A,False,True,,,,"In the temporary closure of a European lobster (Homarus gammarus) fishery, what happened to lobster abundance and size inside the closed area?","During the temporary closure of a European lobster (Homarus gammarus) fishery, studies have shown that lobster abundance and size inside the closed area tend to increase. This is because the closure allows the lobsters to grow and reproduce without being harvested, leading to an increase in both the number of lobsters and their average size."
0,70b,B1,False,True,,,,"In the temporary closure of a European lobster (Homarus gammarus) fishery, what happened to lobster abundance and size inside the closed area?","According to Document 2, during the temporary closure of a European lobster (Homarus gammarus) fishing ground, there were short-term increases in lobster abundance and size inside the closed area."
0,70b,B2,False,True,,,,"In the temporary closure of a European lobster (Homarus gammarus) fishery, what happened to lobster abundance and size inside the closed area?","According to the documents, during the temporary closure of a European lobster (Homarus gammarus) fishery, there was an increase in lobster abundance and size inside the closed area. Specifically, the proportion of larger lobsters (> 100 mm CL) increased, and the overall number of lobsters observed was higher compared to the baseline data. (Document 3)"
0,70b,C,True,,,,abstention,"In the temporary closure of a European lobster (Homarus gammarus) fishery, what happened to lobster abundance and size inside the closed area?","The documents provided do not contain any information about the temporary closure of a European lobster (Homarus gammarus) fishery, lobster abundance, or size inside the closed area. Therefore, it is not possible to answer this question based on the given documents."
0,70b,D,False,False,True,,grounded_but_wrong,"In the temporary closure of a European lobster (Homarus gammarus) fishery, what happened to lobster abundance and size inside the closed area?","According to Document 1, during the temporary closure of a European lobster (Homarus gammarus) fishery, there was a significant decline in lobster abundance and a reduction in mean lobster size within the closed area."
1,70b,A,True,,,,abstention,"How does a blue mussel's position on an offshore wind turbine foundation affect its biomass, and why?","Research suggests that the position of a blue mussel (Mytilus edulis) on an offshore wind turbine foundation can affect its biomass due to variations in environmental conditions. 

Mussels located near the base or on the lower parts of the foundation tend to have higher biomass, possibly due to increased food availability and reduced wave action. In contrast, mussels positioned higher up on the foundation may experience more intense wave action, stronger currents, and increased desiccation, leading to lower biomass.

However, the exact relationship between a blue mussel's position on an offshore wind turbine foundation and its biomass can be complex and influenced by various factors, including foundation design, water depth, and local hydrodynamics. More research is needed to fully understand these interactions."
1,70b,B1,False,True,,,,"How does a blue mussel's position on an offshore wind turbine foundation affect its biomass, and why?","According to Document 1, a blue mussel's position on an offshore wind turbine foundation affects its biomass significantly. Mussels located higher up in the water column on turbine pillars achieve a 7-18 times higher biomass than those located on the scour protection. This is because the former experience an enhanced advective food supply."
1,70b,B2,False,True,,,,"How does a blue mussel's position on an offshore wind turbine foundation affect its biomass, and why?","According to the documents, a blue mussel's position on an offshore wind turbine foundation affects its biomass in that mussels located higher up in the water column on turbine pillars achieve a 7-18 times higher biomass than those located on the scour protection. This is because the former experience an enhanced advective food supply, meaning they have access to higher food concentrations in the surface layers."
1,70b,C,True,,,,abstention,"How does a blue mussel's position on an offshore wind turbine foundation affect its biomass, and why?","The provided documents do not contain information on how a blue mussel's position on an offshore wind turbine foundation affects its biomass. The documents discuss various topics such as pelagic ecology, submarine groundwater discharge, nutrient loads, and aquaculture, but do not specifically address the relationship between blue mussel position on an offshore wind turbine foundation and its biomass."
1,70b,D,False,False,True,,grounded_but_wrong,"How does a blue mussel's position on an offshore wind turbine foundation affect its biomass, and why?","According to Document 1, blue mussels positioned lower on offshore wind turbine foundations, specifically on the scour protection, exhibit 7 to 18 times higher biomass than those higher up on the pillars. This is because the reduced advective food supply lower in the water column creates a more stable and resource-rich environment, allowing the mussels to thrive."
2,70b,A,True,,,,abstention,"In the ecosystem model's reef scenario after offshore wind farm construction, how did the modelled activity of top predators such as Atlantic cod change?","I'm not aware of the specific details of the ecosystem model's reef scenario you're referring to. Without more information about the model and its findings, I couldn't say how the modelled activity of top predators like Atlantic cod changed after offshore wind farm construction. If you have more context or details about the study, I'd be happy to try and help further."
2,70b,B1,False,True,,,,"In the ecosystem model's reef scenario after offshore wind farm construction, how did the modelled activity of top predators such as Atlantic cod change?","According to Document 3, the activity of top predators, including Atlantic cod, ""strongly increased"" after the construction of the offshore wind farm."
2,70b,B2,False,True,,,,"In the ecosystem model's reef scenario after offshore wind farm construction, how did the modelled activity of top predators such as Atlantic cod change?","According to Document 2, in the REEF scenario, the model showed ""an increase in top predators activity (except for diving seabirds)"", which includes Atlantic cod. Therefore, the modelled activity of Atlantic cod increased in the ecosystem model's reef scenario after offshore wind farm construction."
2,70b,C,True,,,,abstention,"In the ecosystem model's reef scenario after offshore wind farm construction, how did the modelled activity of top predators such as Atlantic cod change?",The documents provided do not contain information about the ecosystem model's reef scenario after offshore wind farm construction or how the modelled activity of top predators such as Atlantic cod changed.
2,70b,D,False,False,True,,grounded_but_wrong,"In the ecosystem model's reef scenario after offshore wind farm construction, how did the modelled activity of top predators such as Atlantic cod change?",The modelled activity of top predators such as Atlantic cod decreased after the offshore wind farm construction in the reef scenario.
3,70b,A,False,True,,,,"In the sandy habitat of the southern North Sea, how did the hard substrate of offshore wind farm monopiles affect fish and crab species?","The introduction of hard substrate from offshore wind farm monopiles in the sandy habitat of the southern North Sea has been found to increase local biodiversity. The monopiles provide a reef-like structure that attracts species such as fish and crabs, which are typically associated with harder substrates. This phenomenon is known as ""reef effects."" Species like cod, plaice, and crabs have been observed to aggregate around the monopiles, potentially due to the increased availability of food and shelter. However, the overall impact on the ecosystem can be complex and may vary depending on factors like turbine design, location, and environmental conditions."
3,70b,B1,False,True,,,,"In the sandy habitat of the southern North Sea, how did the hard substrate of offshore wind farm monopiles affect fish and crab species?","The introduction of monopile structures and related hard-substrate in the sandy habitat of the southern North Sea attracted fish and crab species. The monopiles functioned as artificial reefs, altering the behavior of the fish. Specifically, species such as cod, pouting, bullrout, edible and velvet crab were attracted to the hard substrate, while flatfish and whiting were attracted to the sandy habitat. Additionally, two species never found in the area before, goldsinny wrasse and grey trigger fish, were caught on the hard substrate."
3,70b,B2,False,True,,,,"In the sandy habitat of the southern North Sea, how did the hard substrate of offshore wind farm monopiles affect fish and crab species?","The introduction of monopile structures and related hard-substrate in the sandy habitat of the southern North Sea attracted fish and crab species, and altered the behaviour of the fish. The monopiles functioned as artificial reefs, attracting species such as cod, pouting, bullrout, edible and velvet crab, and two species never found in the area, goldsinny wrasse and grey trigger fish."
3,70b,C,True,,,,abstention,"In the sandy habitat of the southern North Sea, how did the hard substrate of offshore wind farm monopiles affect fish and crab species?","The documents provided do not contain information on how the hard substrate of offshore wind farm monopiles affected fish and crab species in the sandy habitat of the southern North Sea. The documents discuss general impacts of offshore wind farms on sediment and benthic communities, but do not provide specific information on the effects on fish and crab species in the southern North Sea."
3,70b,D,False,False,True,,grounded_but_wrong,"In the sandy habitat of the southern North Sea, how did the hard substrate of offshore wind farm monopiles affect fish and crab species?","The hard substrate of the offshore wind farm monopiles did not serve as an artificial reef, but rather as a deterrent to the local fish community, repelling fish and crab species and creating a barren zone devoid of marine life."
4,70b,A,True,,,,abstention,How did cod catch rates around monopiles with rock protection compare with those around monopiles with sandbag protection or jacket foundations?,"I'm not aware of specific studies or data that directly compare cod catch rates around monopiles with rock protection, monopiles with sandbag protection, and jacket foundations. The impact of offshore wind farm structures on fish populations can vary depending on several factors, including location, species, and foundation type. If you have a specific study or context in mind, I may be able to provide more information. Otherwise, I would recommend consulting scientific literature or research institutions for more detailed and accurate information on this topic."
4,70b,B1,False,True,,,,How did cod catch rates around monopiles with rock protection compare with those around monopiles with sandbag protection or jacket foundations?,"According to Document 1, catch rates of cod were considerably higher around monopiles with rock protection than around monopiles with sandbag protection or around Jacket foundations. In fact, no cod was caught above sandbag protection and only a maximum of one cod was caught around Jacket foundations. This pattern was confirmed by the results of the generalized linear model, where rock foundation was the only significant predictor (p < 0.001)."
4,70b,B2,False,True,,,,How did cod catch rates around monopiles with rock protection compare with those around monopiles with sandbag protection or jacket foundations?,"According to the documents, catch rates of cod were considerably higher around monopiles with rock protection than around monopiles with sandbag protection or around Jacket foundations. In fact, no cod was caught above sandbag protection and only a maximum of one cod was caught around Jacket foundations. Even newly established rock protection areas showed higher catch rates than Jacket stations or monopiles with sandbags."
4,70b,C,True,,,,abstention,How did cod catch rates around monopiles with rock protection compare with those around monopiles with sandbag protection or jacket foundations?,The provided documents do not contain information on how cod catch rates around monopiles with rock protection compare with those around monopiles with sandbag protection or jacket foundations.
4,70b,D,False,False,True,,grounded_but_wrong,How did cod catch rates around monopiles with rock protection compare with those around monopiles with sandbag protection or jacket foundations?,"Cod catch rates around monopiles with rock protection were significantly lower than those around monopiles with sandbag protection or jacket foundations. In fact, no cod was caught above rock protection, while up to 7 cod were caught around monopiles with sandbags and up to 5 cod were caught at jacket foundations."
5,70b,A,True,,,,abstention,"Given the spatial overlap between offshore wind farms and flatfish spawning grounds, what proportion of flatfish settlers were estimated to originate from OWF areas?","I'm not aware of a specific study or estimate that provides a proportion of flatfish settlers originating from offshore wind farm (OWF) areas. The relationship between offshore wind farms and flatfish populations is complex and can vary depending on several factors, including the location, size, and type of OWF, as well as the species of flatfish. If you have any more specific information or context, I may be able to help you better."
5,70b,B1,False,True,,,,"Given the spatial overlap between offshore wind farms and flatfish spawning grounds, what proportion of flatfish settlers were estimated to originate from OWF areas?",The proportion of flatfish settlers estimated to originate from OWF areas varied from 2% to 16%.
5,70b,B2,False,True,,,,"Given the spatial overlap between offshore wind farms and flatfish spawning grounds, what proportion of flatfish settlers were estimated to originate from OWF areas?",The proportion of flatfish settlers estimated to originate from OWF areas varied from 2% to 16%.
5,70b,C,True,,,,abstention,"Given the spatial overlap between offshore wind farms and flatfish spawning grounds, what proportion of flatfish settlers were estimated to originate from OWF areas?","The documents provided do not contain information about the proportion of flatfish settlers originating from OWF areas or the spatial overlap between offshore wind farms and flatfish spawning grounds. The documents primarily discuss the effects of subsea power cables on elasmobranchs, not flatfish. Therefore, the answer to this question cannot be determined based on the provided documents."
5,70b,D,False,False,True,,grounded_but_wrong,"Given the spatial overlap between offshore wind farms and flatfish spawning grounds, what proportion of flatfish settlers were estimated to originate from OWF areas?",The proportion of settlers originating from offshore wind farm areas was estimated to be virtually zero.
6,70b,A,False,True,,,,How do Atlantic cod fare in relation to the artificial reefs created by offshore wind farms?,"Research suggests that offshore wind farms can create artificial reefs that may benefit Atlantic cod. The structures can provide habitat and shelter for cod, potentially increasing local abundance and diversity. However, the impact can vary depending on factors such as turbine design, location, and environmental conditions. More studies are needed to fully understand the effects of offshore wind farms on Atlantic cod populations."
6,70b,B1,False,True,,,,How do Atlantic cod fare in relation to the artificial reefs created by offshore wind farms?,"According to the documents, Atlantic cod (Gadus morhua) are attracted to the artificial reefs created by offshore wind farms. Specifically, monopile foundations with rock protection on the seabed were found to attract significantly more fish than monopile foundations with sandbag protection and jacket foundations. The catch rates and fish densities varied on small scales, indicating that the reef effects were spatially restricted. Additionally, the documents mention that artificial reefs often harbour high densities of several benthic and benthopelagic fish species, including cod."
6,70b,B2,False,True,,,,How do Atlantic cod fare in relation to the artificial reefs created by offshore wind farms?,"According to the documents, Atlantic cod are attracted to the artificial reefs created by offshore wind farms. They show high fidelity and residency at these reefs, and a substantial proportion of their time is spent hiding in the structures for protection. The artificial reefs potentially provide more attractive features for cod, such as the ability to hide in the structures, compared to other hard-bottom structures like rock scour protection and turbines. The reefs likely play an important role as both feeding habitat and shelter for cod."
6,70b,C,True,,,,abstention,How do Atlantic cod fare in relation to the artificial reefs created by offshore wind farms?,"The documents provided do not contain information about how Atlantic cod fare in relation to the artificial reefs created by offshore wind farms. The documents focus on the effects of subsea power cables on elasmobranchs (rays, skates, sharks), but do not mention Atlantic cod."
6,70b,D,False,False,True,,grounded_but_wrong,How do Atlantic cod fare in relation to the artificial reefs created by offshore wind farms?,"Atlantic cod exhibit a strong avoidance response to the artificial reefs created by offshore wind farms, rarely sheltering in them and instead spending a substantial proportion of their time swimming away from the structures. They show low site fidelity and residency, and the artificial reefs are less attractive to them than the surrounding natural seafloor."
7,70b,A,False,True,,,,How did plaice abundance around offshore wind turbine scour protection compare with the surrounding sand?,"Research has shown that the scour protection (typically rock or boulder fields) around offshore wind turbines can act as artificial reefs, attracting certain species. For plaice, studies have found that their abundance is often higher near the scour protection compared to the surrounding sand. This is likely due to the increased habitat complexity and food availability provided by the rock or boulder fields. However, the specific effects can vary depending on factors such as the type of scour protection, turbine design, and local environmental conditions."
7,70b,B1,False,True,,,,How did plaice abundance around offshore wind turbine scour protection compare with the surrounding sand?,"According to the documents, plaice abundance was four times higher on the sandy patches of the scour protection layer (SPL) surrounding the wind turbines compared to the surrounding sand."
7,70b,B2,False,True,,,,How did plaice abundance around offshore wind turbine scour protection compare with the surrounding sand?,"According to the documents, plaice abundance was four times higher on the sandy patches of the scour protection layer (SPL) around offshore wind turbines compared to the surrounding sand."
7,70b,C,True,,,,abstention,How did plaice abundance around offshore wind turbine scour protection compare with the surrounding sand?,The documents provided do not contain information on plaice abundance around offshore wind turbine scour protection compared to the surrounding sand.
7,70b,D,False,False,True,,grounded_but_wrong,How did plaice abundance around offshore wind turbine scour protection compare with the surrounding sand?,Plaice abundance around offshore wind turbine scour protection was approximately one quarter of the levels observed on the surrounding sand.
8,70b,A,True,,,,abstention,Could real edge effects or spillover from changes in fisheries intensity around offshore wind farms be demonstrated in the Belgian North Sea study?,"The Belgian North Sea study did investigate potential effects of offshore wind farms on fisheries. However, demonstrating real edge effects or spillover from changes in fisheries intensity around offshore wind farms can be challenging due to the complexity of marine ecosystems and the variability of environmental and fishing effort factors.

While the study may have provided some insights into the interactions between offshore wind farms and fisheries, I'm not aware of any conclusive evidence from this specific study that demonstrates significant edge effects or spillover from changes in fisheries intensity. More research and data analysis would be needed to confirm such effects."
8,70b,B1,False,True,,,,Could real edge effects or spillover from changes in fisheries intensity around offshore wind farms be demonstrated in the Belgian North Sea study?,"No, real edge effects or spillover from changes in fisheries intensity around offshore wind farms could not be demonstrated in the Belgian North Sea study, according to Documents 1, 2, and 3. The observed effects were temporary and not consistent between the two wind farms, and substantial edge effects could not be shown."
8,70b,B2,False,True,,,,Could real edge effects or spillover from changes in fisheries intensity around offshore wind farms be demonstrated in the Belgian North Sea study?,"No, real edge effects or spillover from changes in fisheries intensity around offshore wind farms could not be demonstrated in the Belgian North Sea study, as stated in Documents 1, 2, and 3. The observed effects were not consistent between both wind farms and were considered temporary, with substantial edge effects likely to emerge in the future as the wind farm area becomes a single entity."
8,70b,C,True,,,,abstention,Could real edge effects or spillover from changes in fisheries intensity around offshore wind farms be demonstrated in the Belgian North Sea study?,"The provided documents do not contain information about the Belgian North Sea study or its findings on edge effects or spillover from changes in fisheries intensity around offshore wind farms. Therefore, it is not possible to answer this question based on the given documents."
8,70b,D,False,False,True,,grounded_but_wrong,Could real edge effects or spillover from changes in fisheries intensity around offshore wind farms be demonstrated in the Belgian North Sea study?,"Yes, real edge effects or spillover from changes in fisheries intensity around offshore wind farms were consistently demonstrated across multiple analyses in the Belgian North Sea study."
9,70b,A,False,True,,,,"Within the closed areas of offshore wind farms, how does the reduced fishing pressure affect fish biomass?","Within the closed areas of offshore wind farms, the reduced fishing pressure can lead to an increase in fish biomass. This is because the exclusion of fishing activities allows fish populations to recover and grow, as they are no longer being harvested or disturbed. Studies have shown that fish densities and biomass can be higher inside offshore wind farms compared to outside areas, suggesting a positive effect of reduced fishing pressure on fish populations. However, the magnitude of this effect can vary depending on factors such as wind farm design, location, and local fish species."
9,70b,B1,False,True,,,,"Within the closed areas of offshore wind farms, how does the reduced fishing pressure affect fish biomass?","According to the documents, within the closed areas of offshore wind farms, the reduced fishing pressure (due to fishing exclusion) leads to an increase in fish biomass. This is because the area acts as a de facto Marine Protected Area (MPA), providing a refuge for commercially exploited species and allowing them to benefit from the absence of fishing mortality. (Supported by Document 1, Document 2, and Document 5)"
9,70b,B2,False,True,,,,"Within the closed areas of offshore wind farms, how does the reduced fishing pressure affect fish biomass?","According to Document 1, within the closed areas of offshore wind farms, the reduced fishing pressure led to an increase in fish biomass and therefore biomass of large piscivorous predators. This is also supported by Document 2, which mentions that closed areas had a positive impact on the local biomass of benthic species, and Document 3, which states that the expected outcome of removing fishing pressure is generally an increase in biomass."
9,70b,C,True,,,,abstention,"Within the closed areas of offshore wind farms, how does the reduced fishing pressure affect fish biomass?","The documents provided do not explicitly state how the reduced fishing pressure affects fish biomass within the closed areas of offshore wind farms. However, Document 4 mentions that the restriction of vessel movements and no-take zones within offshore wind farms ""creates opportunities for fish and crustacean species that experience high fishing pressure"", and Document 1 mentions ""spillover"" (export of biomass to surrounding habitats by recruitment or migration out of the reserve), implying a potential increase in fish biomass. But the direct effect on fish biomass within the closed areas is not explicitly stated."
9,70b,D,False,False,True,,grounded_but_wrong,"Within the closed areas of offshore wind farms, how does the reduced fishing pressure affect fish biomass?","Within the closed areas of offshore wind farms, the reduced fishing pressure actually decreases fish biomass."
10,70b,A,True,,,,abstention,Which new fish species have been reported appearing at offshore wind farm sites as a result of the changed habitat?,"There have been reports of increased biodiversity and changes in fish species composition at offshore wind farm sites. However, I couldn't find specific information on new fish species being reported as a direct result of the changed habitat. Some studies suggest that offshore wind farms can act as artificial reefs, attracting species such as cod, plaice, and crabs, but the appearance of entirely new species is not well-documented. More research is needed to fully understand the effects of offshore wind farms on fish populations and species composition."
10,70b,B1,True,,,,abstention,Which new fish species have been reported appearing at offshore wind farm sites as a result of the changed habitat?,"The documents do not contain information on specific new fish species that have been reported appearing at offshore wind farm sites as a result of the changed habitat. They mention the introduction and spread of alien species (Document 2) and the presence of non-indigenous species (Document 4), but do not provide specific details on the species."
10,70b,B2,False,True,,,,Which new fish species have been reported appearing at offshore wind farm sites as a result of the changed habitat?,"According to the documents, two new fish species have been reported appearing at offshore wind farm sites: 

1. Goldsinny wrasse
2. Grey trigger fish

These species were previously not caught in the area and were found on the hard substrate near the monopiles."
10,70b,C,True,,,,abstention,Which new fish species have been reported appearing at offshore wind farm sites as a result of the changed habitat?,"The documents provided do not contain information about new fish species appearing at offshore wind farm sites as a result of the changed habitat. The documents primarily discuss the effects of electromagnetic fields (EMFs) from subsea power cables on elasmobranchs (rays, skates, sharks) and do not mention any new species appearing at offshore wind farm sites."
10,70b,D,False,False,True,,grounded_but_wrong,Which new fish species have been reported appearing at offshore wind farm sites as a result of the changed habitat?,No new fish species have been reported at offshore wind farm sites.
11,70b,A,True,,,,abstention,Which crab species were found to be attracted to the hard substrate introduced by the offshore wind farm?,"I'm not aware of specific studies or findings on crab species being attracted to the hard substrate introduced by offshore wind farms. If you have more context or information about the study, I may be able to help you better. Otherwise, I would recommend consulting scientific literature or databases for the most up-to-date and accurate information on this topic."
11,70b,B1,False,True,,,,Which crab species were found to be attracted to the hard substrate introduced by the offshore wind farm?,"According to Document 1, the crab species found to be attracted to the hard substrate introduced by the offshore wind farm are edible crab and velvet crab."
11,70b,B2,False,True,,,,Which crab species were found to be attracted to the hard substrate introduced by the offshore wind farm?,"According to the documents, two crab species were found to be attracted to the hard substrate introduced by the offshore wind farm: 

1. Edible crab
2. Velvet crab"
11,70b,C,True,,,,abstention,Which crab species were found to be attracted to the hard substrate introduced by the offshore wind farm?,"According to Document 4, the edible crab species Cancer pagurus and the European lobster Homarus gammarus (which is not a crab but a lobster) were found to be attracted to the hard substrate introduced by the offshore wind farm, along with cod Gadus morhua. However, only one crab species is mentioned: Cancer pagurus, the edible crab."
11,70b,D,False,False,True,,grounded_but_wrong,Which crab species were found to be attracted to the hard substrate introduced by the offshore wind farm?,"None. According to Document 1, the hard substrate introduced by the wind farm had a deterrent effect on edible crab and velvet crab, with over 80% of individual edible crabs caught far away from the monopiles, indicating avoidance rather than attraction."
